DATAFLOW,LAST UPDATE,freq,unit,age,citizen,geo,TIME_PERIOD,OBS_VALUE,OBS_FLAG
ESTAT:DEMO_FACZC$DEFAULTVIEW(1.0),22/06/22 23:00:00,A,NR,TOTAL,FOR,AD,2011,531,
ESTAT:DEMO_FACZC$DEFAULTVIEW(1.0),22/06/22 23:00:00,A,NR,TOTAL,FOR,AD,2012,483,
ESTAT:DEMO_FACZC$DEFAULTVIEW(1.0),22/06/22 23:00:00,A,NR,TOTAL,FOR,AD,2018,351,
ESTAT:DEMO_FACZC$DEFAULTVIEW(1.0),22/06/22 23:00:00,A,NR,TOTAL,FOR,AM,2019,420,
ESTAT:DEMO_FACZC$DEFAULTVIEW(1.0),22/06/22 23:00:00,A,NR,TOTAL,FOR,AM,2020,498,
ESTAT:DEMO_FACZC$DEFAULTVIEW(1.0),22/06/22 23:00:00,A,NR,TOTAL,FOR,AT,2011,18889,
ESTAT:DEMO_FACZC$DEFAULTVIEW(1.0),22/06/22 23:00:00,A,NR,TOTAL,FOR,AT,2012,19459,
ESTAT:DEMO_FACZC$DEFAULTVIEW(1.0),22/06/22 23:00:00,A,NR,TOTAL,FOR,AT,2013,20133,
ESTAT:DEMO_FACZC$DEFAULTVIEW(1.0),22/06/22 23:00:00,A,NR,TOTAL,FOR,AT,2014,21607,
ESTAT:DEMO_FACZC$DEFAULTVIEW(1.0),22/06/22 23:00:00,A,NR,TOTAL,FOR,AT,2015,23273,
ESTAT:DEMO_FACZC$DEFAULTVIEW(1.0),22/06/22 23:00:00,A,NR,TOTAL,FOR,AT,2016,25851,
ESTAT:DEMO_FACZC$DEFAULTVIEW(1.0),22/06/22 23:00:00,A,NR,TOTAL,FOR,AT,2017,26210,
ESTAT:DEMO_FACZC$DEFAULTVIEW(1.0),22/06/22 23:00:00,A,NR,TOTAL,FOR,AT,2018,25597,
ESTAT:DEMO_FACZC$DEFAULTVIEW(1.0),22/06/22 23:00:00,A,NR,TOTAL,FOR,AT,2019,26051,
ESTAT:DEMO_FACZC$DEFAULTVIEW(1.0),22/06/22 23:00:00,A,NR,TOTAL,FOR,AT,2020,25102,
ESTAT:DEMO_FACZC$DEFAULTVIEW(1.0),22/06/22 23:00:00,A,NR,TOTAL,FOR,AZ,2013,1037,
ESTAT:DEMO_FACZC$DEFAULTVIEW(1.0),22/06/22 23:00:00,A,NR,TOTAL,FOR,AZ,2014,1832,
ESTAT:DEMO_FACZC$DEFAULTVIEW(1.0),22/06/22 23:00:00,A,NR,TOTAL,FOR,AZ,2015,1978,
ESTAT:DEMO_FACZC$DEFAULTVIEW(1.0),22/06/22 23:00:00,A,NR,TOTAL,FOR,AZ,2016,1730,
ESTAT:DEMO_FACZC$DEFAULTVIEW(1.0),22/06/22 23:00:00,A,NR,TOTAL,FOR,AZ,2017,1811,
ESTAT:DEMO_FACZC$DEFAULTVIEW(1.0),22/06/22 23:00:00,A,NR,TOTAL,FOR,AZ,2018,1657,
ESTAT:DEMO_FACZC$DEFAULTVIEW(1.0),22/06/22 23:00:00,A,NR,TOTAL,FOR,AZ,2019,1638,
ESTAT:DEMO_FACZC$DEFAULTVIEW(1.0),22/06/22 23:00:00,A,NR,TOTAL,FOR,AZ,2020,1470,
ESTAT:DEMO_FACZC$DEFAULTVIEW(1.0),22/06/22 23:00:00,A,NR,TOTAL,FOR,BA,2012,289,
ESTAT:DEMO_FACZC$DEFAULTVIEW(1.0),22/06/22 23:00:00,A,NR,TOTAL,FOR,BE,2011,27255,
ESTAT:DEMO_FACZC$DEFAULTVIEW(1.0),22/06/22 23:00:00,A,NR,TOTAL,FOR,BE,2012,27771,
ESTAT:DEMO_FACZC$DEFAULTVIEW(1.0),22/06/22 23:00:00,A,NR,TOTAL,FOR,BE,2013,26422,
ESTAT:DEMO_FACZC$DEFAULTVIEW(1.0),22/06/22 23:00:00,A,NR,TOTAL,FOR,BE,2014,28105,
ESTAT:DEMO_FACZC$DEFAULTVIEW(1.0),22/06/22 23:00:00,A,NR,TOTAL,FOR,BE,2015,27850,
ESTAT:DEMO_FACZC$DEFAULTVIEW(1.0),22/06/22 23:00:00,A,NR,TOTAL,FOR,BE,2016,28520,
ESTAT:DEMO_FACZC$DEFAULTVIEW(1.0),22/06/22 23:00:00,A,NR,TOTAL,FOR,BE,2017,29230,
ESTAT:DEMO_FACZC$DEFAULTVIEW(1.0),22/06/22 23:00:00,A,NR,TOTAL,FOR,BE,2018,29187,
ESTAT:DEMO_FACZC$DEFAULTVIEW(1.0),22/06/22 23:00:00,A,NR,TOTAL,FOR,BE,2019,29604,
ESTAT:DEMO_FACZC$DEFAULTVIEW(1.0),22/06/22 23:00:00,A,NR,TOTAL,FOR,BE,2020,28688,
ESTAT:DEMO_FACZC$DEFAULTVIEW(1.0),22/06/22 23:00:00,A,NR,TOTAL,FOR,BG,2011,752,
ESTAT:DEMO_FACZC$DEFAULTVIEW(1.0),22/06/22 23:00:00,A,NR,TOTAL,FOR,BG,2012,652,
ESTAT:DEMO_FACZC$DEFAULTVIEW(1.0),22/06/22 23:00:00,A,NR,TOTAL,FOR,BG,2013,549,
ESTAT:DEMO_FACZC$DEFAULTVIEW(1.0),22/06/22 23:00:00,A,NR,TOTAL,FOR,BG,2014,577,
ESTAT:DEMO_FACZC$DEFAULTVIEW(1.0),22/06/22 23:00:00,A,NR,TOTAL,FOR,BG,2015,657,
ESTAT:DEMO_FACZC$DEFAULTVIEW(1.0),22/06/22 23:00:00,A,NR,TOTAL,FOR,BG,2016,485,
ESTAT:DEMO_FACZC$DEFAULTVIEW(1.0),22/06/22 23:00:00,A,NR,TOTAL,FOR,BG,2017,580,
ESTAT:DEMO_FACZC$DEFAULTVIEW(1.0),22/06/22 23:00:00,A,NR,TOTAL,FOR,BG,2018,398,
ESTAT:DEMO_FACZC$DEFAULTVIEW(1.0),22/06/22 23:00:00,A,NR,TOTAL,FOR,BG,2019,541,
ESTAT:DEMO_FACZC$DEFAULTVIEW(1.0),22/06/22 23:00:00,A,NR,TOTAL,FOR,BG,2020,595,
ESTAT:DEMO_FACZC$DEFAULTVIEW(1.0),22/06/22 23:00:00,A,NR,TOTAL,FOR,CH,2011,30125,
ESTAT:DEMO_FACZC$DEFAULTVIEW(1.0),22/06/22 23:00:00,A,NR,TOTAL,FOR,CH,2012,30972,
ESTAT:DEMO_FACZC$DEFAULTVIEW(1.0),22/06/22 23:00:00,A,NR,TOTAL,FOR,CH,2013,31536,
ESTAT:DEMO_FACZC$DEFAULTVIEW(1.0),22/06/22 23:00:00,A,NR,TOTAL,FOR,CH,2014,33235,
ESTAT:DEMO_FACZC$DEFAULTVIEW(1.0),22/06/22 23:00:00,A,NR,TOTAL,FOR,CH,2015,33959,
ESTAT:DEMO_FACZC$DEFAULTVIEW(1.0),22/06/22 23:00:00,A,NR,TOTAL,FOR,CH,2016,35168,
ESTAT:DEMO_FACZC$DEFAULTVIEW(1.0),22/06/22 23:00:00,A,NR,TOTAL,FOR,CH,2017,35090,
ESTAT:DEMO_FACZC$DEFAULTVIEW(1.0),22/06/22 23:00:00,A,NR,TOTAL,FOR,CH,2018,35019,
ESTAT:DEMO_FACZC$DEFAULTVIEW(1.0),22/06/22 23:00:00,A,NR,TOTAL,FOR,CH,2019,34307,
ESTAT:DEMO_FACZC$DEFAULTVIEW(1.0),22/06/22 23:00:00,A,NR,TOTAL,FOR,CH,2020,33818,
ESTAT:DEMO_FACZC$DEFAULTVIEW(1.0),22/06/22 23:00:00,A,NR,TOTAL,FOR,CY,2011,2941,
ESTAT:DEMO_FACZC$DEFAULTVIEW(1.0),22/06/22 23:00:00,A,NR,TOTAL,FOR,CY,2012,3098,
ESTAT:DEMO_FACZC$DEFAULTVIEW(1.0),22/06/22 23:00:00,A,NR,TOTAL,FOR,CY,2013,2562,
ESTAT:DEMO_FACZC$DEFAULTVIEW(1.0),22/06/22 23:00:00,A,NR,TOTAL,FOR,CY,2014,2517,
ESTAT:DEMO_FACZC$DEFAULTVIEW(1.0),22/06/22 23:00:00,A,NR,TOTAL,FOR,CY,2015,2429,
ESTAT:DEMO_FACZC$DEFAULTVIEW(1.0),22/06/22 23:00:00,A,NR,TOTAL,FOR,CY,2016,2531,
ESTAT:DEMO_FACZC$DEFAULTVIEW(1.0),22/06/22 23:00:00,A,NR,TOTAL,FOR,CY,2017,2677,
ESTAT:DEMO_FACZC$DEFAULTVIEW(1.0),22/06/22 23:00:00,A,NR,TOTAL,FOR,CY,2018,2900,
ESTAT:DEMO_FACZC$DEFAULTVIEW(1.0),22/06/22 23:00:00,A,NR,TOTAL,FOR,CY,2019,2910,
ESTAT:DEMO_FACZC$DEFAULTVIEW(1.0),22/06/22 23:00:00,A,NR,TOTAL,FOR,CY,2020,3216,
ESTAT:DEMO_FACZC$DEFAULTVIEW(1.0),22/06/22 23:00:00,A,NR,TOTAL,FOR,CZ,2011,2959,
ESTAT:DEMO_FACZC$DEFAULTVIEW(1.0),22/06/22 23:00:00,A,NR,TOTAL,FOR,CZ,2012,5745,
ESTAT:DEMO_FACZC$DEFAULTVIEW(1.0),22/06/22 23:00:00,A,NR,TOTAL,FOR,CZ,2013,5909,
ESTAT:DEMO_FACZC$DEFAULTVIEW(1.0),22/06/22 23:00:00,A,NR,TOTAL,FOR,CZ,2014,6158,
ESTAT:DEMO_FACZC$DEFAULTVIEW(1.0),22/06/22 23:00:00,A,NR,TOTAL,FOR,CZ,2015,6520,
ESTAT:DEMO_FACZC$DEFAULTVIEW(1.0),22/06/22 23:00:00,A,NR,TOTAL,FOR,CZ,2016,6561,
ESTAT:DEMO_FACZC$DEFAULTVIEW(1.0),22/06/22 23:00:00,A,NR,TOTAL,FOR,CZ,2017,7199,
ESTAT:DEMO_FACZC$DEFAULTVIEW(1.0),22/06/22 23:00:00,A,NR,TOTAL,FOR,CZ,2018,7273,
ESTAT:DEMO_FACZC$DEFAULTVIEW(1.0),22/06/22 23:00:00,A,NR,TOTAL,FOR,CZ,2019,7761,
ESTAT:DEMO_FACZC$DEFAULTVIEW(1.0),22/06/22 23:00:00,A,NR,TOTAL,FOR,CZ,2020,7972,
ESTAT:DEMO_FACZC$DEFAULTVIEW(1.0),22/06/22 23:00:00,A,NR,TOTAL,FOR,DE,2011,112358,
ESTAT:DEMO_FACZC$DEFAULTVIEW(1.0),22/06/22 23:00:00,A,NR,TOTAL,FOR,DE,2012,114762,
ESTAT:DEMO_FACZC$DEFAULTVIEW(1.0),22/06/22 23:00:00,A,NR,TOTAL,FOR,DE,2013,117889,
ESTAT:DEMO_FACZC$DEFAULTVIEW(1.0),22/06/22 23:00:00,A,NR,TOTAL,FOR,DE,2014,128666,
ESTAT:DEMO_FACZC$DEFAULTVIEW(1.0),22/06/22 23:00:00,A,NR,TOTAL,FOR,DE,2015,145031,
ESTAT:DEMO_FACZC$DEFAULTVIEW(1.0),22/06/22 23:00:00,A,NR,TOTAL,FOR,DE,2016,179419,
ESTAT:DEMO_FACZC$DEFAULTVIEW(1.0),22/06/22 23:00:00,A,NR,TOTAL,FOR,DE,2017,179013,
ESTAT:DEMO_FACZC$DEFAULTVIEW(1.0),22/06/22 23:00:00,A,NR,TOTAL,FOR,DE,2018,185192,
ESTAT:DEMO_FACZC$DEFAULTVIEW(1.0),22/06/22 23:00:00,A,NR,TOTAL,FOR,DE,2019,185678,
ESTAT:DEMO_FACZC$DEFAULTVIEW(1.0),22/06/22 23:00:00,A,NR,TOTAL,FOR,DE,2020,183060,
ESTAT:DEMO_FACZC$DEFAULTVIEW(1.0),22/06/22 23:00:00,A,NR,TOTAL,FOR,DE_TOT,2011,112358,
ESTAT:DEMO_FACZC$DEFAULTVIEW(1.0),22/06/22 23:00:00,A,NR,TOTAL,FOR,DE_TOT,2012,114762,
ESTAT:DEMO_FACZC$DEFAULTVIEW(1.0),22/06/22 23:00:00,A,NR,TOTAL,FOR,DE_TOT,2013,117889,
ESTAT:DEMO_FACZC$DEFAULTVIEW(1.0),22/06/22 23:00:00,A,NR,TOTAL,FOR,DE_TOT,2014,128666,
ESTAT:DEMO_FACZC$DEFAULTVIEW(1.0),22/06/22 23:00:00,A,NR,TOTAL,FOR,DE_TOT,2015,145031,
ESTAT:DEMO_FACZC$DEFAULTVIEW(1.0),22/06/22 23:00:00,A,NR,TOTAL,FOR,DE_TOT,2016,179419,
ESTAT:DEMO_FACZC$DEFAULTVIEW(1.0),22/06/22 23:00:00,A,NR,TOTAL,FOR,DE_TOT,2017,179013,
ESTAT:DEMO_FACZC$DEFAULTVIEW(1.0),22/06/22 23:00:00,A,NR,TOTAL,FOR,DE_TOT,2018,185192,
ESTAT:DEMO_FACZC$DEFAULTVIEW(1.0),22/06/22 23:00:00,A,NR,TOTAL,FOR,DE_TOT,2019,185678,
ESTAT:DEMO_FACZC$DEFAULTVIEW(1.0),22/06/22 23:00:00,A,NR,TOTAL,FOR,DE_TOT,2020,183060,
ESTAT:DEMO_FACZC$DEFAULTVIEW(1.0),22/06/22 23:00:00,A,NR,TOTAL,FOR,DK,2011,7054,
ESTAT:DEMO_FACZC$DEFAULTVIEW(1.0),22/06/22 23:00:00,A,NR,TOTAL,FOR,DK,2012,7185,
ESTAT:DEMO_FACZC$DEFAULTVIEW(1.0),22/06/22 23:00:00,A,NR,TOTAL,FOR,DK,2013,7462,
ESTAT:DEMO_FACZC$DEFAULTVIEW(1.0),22/06/22 23:00:00,A,NR,TOTAL,FOR,DK,2014,8163,
ESTAT:DEMO_FACZC$DEFAULTVIEW(1.0),22/06/22 23:00:00,A,NR,TOTAL,FOR,DK,2015,8719,
ESTAT:DEMO_FACZC$DEFAULTVIEW(1.0),22/06/22 23:00:00,A,NR,TOTAL,FOR,DK,2016,9732,
ESTAT:DEMO_FACZC$DEFAULTVIEW(1.0),22/06/22 23:00:00,A,NR,TOTAL,FOR,DK,2017,10078,
ESTAT:DEMO_FACZC$DEFAULTVIEW(1.0),22/06/22 23:00:00,A,NR,TOTAL,FOR,DK,2018,9858,
ESTAT:DEMO_FACZC$DEFAULTVIEW(1.0),22/06/22 23:00:00,A,NR,TOTAL,FOR,DK,2019,9740,
ESTAT:DEMO_FACZC$DEFAULTVIEW(1.0),22/06/22 23:00:00,A,NR,TOTAL,FOR,DK,2020,9360,
ESTAT:DEMO_FACZC$DEFAULTVIEW(1.0),22/06/22 23:00:00,A,NR,TOTAL,FOR,EA18,2013,526917,
ESTAT:DEMO_FACZC$DEFAULTVIEW(1.0),22/06/22 23:00:00,A,NR,TOTAL,FOR,EA18,2014,546479,
ESTAT:DEMO_FACZC$DEFAULTVIEW(1.0),22/06/22 23:00:00,A,NR,TOTAL,FOR,EA18,2015,562782,
ESTAT:DEMO_FACZC$DEFAULTVIEW(1.0),22/06/22 23:00:00,A,NR,TOTAL,FOR,EA18,2016,606446,
ESTAT:DEMO_FACZC$DEFAULTVIEW(1.0),22/06/22 23:00:00,A,NR,TOTAL,FOR,EA18,2017,607469,
ESTAT:DEMO_FACZC$DEFAULTVIEW(1.0),22/06/22 23:00:00,A,NR,TOTAL,FOR,EA18,2018,615403,
ESTAT:DEMO_FACZC$DEFAULTVIEW(1.0),22/06/22 23:00:00,A,NR,TOTAL,FOR,EA18,2019,622431,
ESTAT:DEMO_FACZC$DEFAULTVIEW(1.0),22/06/22 23:00:00,A,NR,TOTAL,FOR,EA18,2020,608145,
ESTAT:DEMO_FACZC$DEFAULTVIEW(1.0),22/06/22 23:00:00,A,NR,TOTAL,FOR,EA19,2013,527275,
ESTAT:DEMO_FACZC$DEFAULTVIEW(1.0),22/06/22 23:00:00,A,NR,TOTAL,FOR,EA19,2014,546893,
ESTAT:DEMO_FACZC$DEFAULTVIEW(1.0),22/06/22 23:00:00,A,NR,TOTAL,FOR,EA19,2015,563192,
ESTAT:DEMO_FACZC$DEFAULTVIEW(1.0),22/06/22 23:00:00,A,NR,TOTAL,FOR,EA19,2016,606914,
ESTAT:DEMO_FACZC$DEFAULTVIEW(1.0),22/06/22 23:00:00,A,NR,TOTAL,FOR,EA19,2017,607936,
ESTAT:DEMO_FACZC$DEFAULTVIEW(1.0),22/06/22 23:00:00,A,NR,TOTAL,FOR,EA19,2018,616158,
ESTAT:DEMO_FACZC$DEFAULTVIEW(1.0),22/06/22 23:00:00,A,NR,TOTAL,FOR,EA19,2019,623388,
ESTAT:DEMO_FACZC$DEFAULTVIEW(1.0),22/06/22 23:00:00,A,NR,TOTAL,FOR,EA19,2020,608878,
ESTAT:DEMO_FACZC$DEFAULTVIEW(1.0),22/06/22 23:00:00,A,NR,TOTAL,FOR,EE,2011,1456,
ESTAT:DEMO_FACZC$DEFAULTVIEW(1.0),22/06/22 23:00:00,A,NR,TOTAL,FOR,EE,2012,1429,
ESTAT:DEMO_FACZC$DEFAULTVIEW(1.0),22/06/22 23:00:00,A,NR,TOTAL,FOR,EE,2013,665,
ESTAT:DEMO_FACZC$DEFAULTVIEW(1.0),22/06/22 23:00:00,A,NR,TOTAL,FOR,EE,2014,667,
ESTAT:DEMO_FACZC$DEFAULTVIEW(1.0),22/06/22 23:00:00,A,NR,TOTAL,FOR,EE,2015,801,
ESTAT:DEMO_FACZC$DEFAULTVIEW(1.0),22/06/22 23:00:00,A,NR,TOTAL,FOR,EE,2016,1332,
ESTAT:DEMO_FACZC$DEFAULTVIEW(1.0),22/06/22 23:00:00,A,NR,TOTAL,FOR,EE,2017,1268,
ESTAT:DEMO_FACZC$DEFAULTVIEW(1.0),22/06/22 23:00:00,A,NR,TOTAL,FOR,EE,2018,1349,
ESTAT:DEMO_FACZC$DEFAULTVIEW(1.0),22/06/22 23:00:00,A,NR,TOTAL,FOR,EE,2019,1368,
ESTAT:DEMO_FACZC$DEFAULTVIEW(1.0),22/06/22 23:00:00,A,NR,TOTAL,FOR,EE,2020,1243,
ESTAT:DEMO_FACZC$DEFAULTVIEW(1.0),22/06/22 23:00:00,A,NR,TOTAL,FOR,EEA30_2007,2013,705349,
ESTAT:DEMO_FACZC$DEFAULTVIEW(1.0),22/06/22 23:00:00,A,NR,TOTAL,FOR,EEA30_2007,2014,731722,e
ESTAT:DEMO_FACZC$DEFAULTVIEW(1.0),22/06/22 23:00:00,A,NR,TOTAL,FOR,EEA30_2007,2015,755113,e
ESTAT:DEMO_FACZC$DEFAULTVIEW(1.0),22/06/22 23:00:00,A,NR,TOTAL,FOR,EEA30_2007,2016,805953,
ESTAT:DEMO_FACZC$DEFAULTVIEW(1.0),22/06/22 23:00:00,A,NR,TOTAL,FOR,EEA30_2007,2017,808029,
ESTAT:DEMO_FACZC$DEFAULTVIEW(1.0),22/06/22 23:00:00,A,NR,TOTAL,FOR,EEA30_2007,2018,811559,
ESTAT:DEMO_FACZC$DEFAULTVIEW(1.0),22/06/22 23:00:00,A,NR,TOTAL,FOR,EEA31,2013,705876,
ESTAT:DEMO_FACZC$DEFAULTVIEW(1.0),22/06/22 23:00:00,A,NR,TOTAL,FOR,EEA31,2014,732360,e
ESTAT:DEMO_FACZC$DEFAULTVIEW(1.0),22/06/22 23:00:00,A,NR,TOTAL,FOR,EEA31,2015,755708,e
ESTAT:DEMO_FACZC$DEFAULTVIEW(1.0),22/06/22 23:00:00,A,NR,TOTAL,FOR,EEA31,2016,806548,
ESTAT:DEMO_FACZC$DEFAULTVIEW(1.0),22/06/22 23:00:00,A,NR,TOTAL,FOR,EEA31,2017,808629,
ESTAT:DEMO_FACZC$DEFAULTVIEW(1.0),22/06/22 23:00:00,A,NR,TOTAL,FOR,EEA31,2018,811966,
ESTAT:DEMO_FACZC$DEFAULTVIEW(1.0),22/06/22 23:00:00,A,NR,TOTAL,FOR,EFTA,2011,41356,
ESTAT:DEMO_FACZC$DEFAULTVIEW(1.0),22/06/22 23:00:00,A,NR,TOTAL,FOR,EFTA,2012,42655,
ESTAT:DEMO_FACZC$DEFAULTVIEW(1.0),22/06/22 23:00:00,A,NR,TOTAL,FOR,EFTA,2013,43754,
ESTAT:DEMO_FACZC$DEFAULTVIEW(1.0),22/06/22 23:00:00,A,NR,TOTAL,FOR,EFTA,2014,45805,
ESTAT:DEMO_FACZC$DEFAULTVIEW(1.0),22/06/22 23:00:00,A,NR,TOTAL,FOR,EFTA,2015,46947,
ESTAT:DEMO_FACZC$DEFAULTVIEW(1.0),22/06/22 23:00:00,A,NR,TOTAL,FOR,EFTA,2016,48465,
ESTAT:DEMO_FACZC$DEFAULTVIEW(1.0),22/06/22 23:00:00,A,NR,TOTAL,FOR,EFTA,2017,48393,
ESTAT:DEMO_FACZC$DEFAULTVIEW(1.0),22/06/22 23:00:00,A,NR,TOTAL,FOR,EFTA,2018,48051,
ESTAT:DEMO_FACZC$DEFAULTVIEW(1.0),22/06/22 23:00:00,A,NR,TOTAL,FOR,EFTA,2019,47076,
ESTAT:DEMO_FACZC$DEFAULTVIEW(1.0),22/06/22 23:00:00,A,NR,TOTAL,FOR,EFTA,2020,45783,
ESTAT:DEMO_FACZC$DEFAULTVIEW(1.0),22/06/22 23:00:00,A,NR,TOTAL,FOR,EL,2011,19002,
ESTAT:DEMO_FACZC$DEFAULTVIEW(1.0),22/06/22 23:00:00,A,NR,TOTAL,FOR,EL,2012,15520,
ESTAT:DEMO_FACZC$DEFAULTVIEW(1.0),22/06/22 23:00:00,A,NR,TOTAL,FOR,EL,2013,13194,
ESTAT:DEMO_FACZC$DEFAULTVIEW(1.0),22/06/22 23:00:00,A,NR,TOTAL,FOR,EL,2014,12173,
ESTAT:DEMO_FACZC$DEFAULTVIEW(1.0),22/06/22 23:00:00,A,NR,TOTAL,FOR,EL,2015,11930,
ESTAT:DEMO_FACZC$DEFAULTVIEW(1.0),22/06/22 23:00:00,A,NR,TOTAL,FOR,EL,2016,12724,
ESTAT:DEMO_FACZC$DEFAULTVIEW(1.0),22/06/22 23:00:00,A,NR,TOTAL,FOR,EL,2017,12371,
ESTAT:DEMO_FACZC$DEFAULTVIEW(1.0),22/06/22 23:00:00,A,NR,TOTAL,FOR,EL,2018,12313,
ESTAT:DEMO_FACZC$DEFAULTVIEW(1.0),22/06/22 23:00:00,A,NR,TOTAL,FOR,EL,2019,12055,
ESTAT:DEMO_FACZC$DEFAULTVIEW(1.0),22/06/22 23:00:00,A,NR,TOTAL,FOR,EL,2020,12514,
ESTAT:DEMO_FACZC$DEFAULTVIEW(1.0),22/06/22 23:00:00,A,NR,TOTAL,FOR,ES,2011,90857,
ESTAT:DEMO_FACZC$DEFAULTVIEW(1.0),22/06/22 23:00:00,A,NR,TOTAL,FOR,ES,2012,86386,
ESTAT:DEMO_FACZC$DEFAULTVIEW(1.0),22/06/22 23:00:00,A,NR,TOTAL,FOR,ES,2013,78067,
ESTAT:DEMO_FACZC$DEFAULTVIEW(1.0),22/06/22 23:00:00,A,NR,TOTAL,FOR,ES,2014,75027,
ESTAT:DEMO_FACZC$DEFAULTVIEW(1.0),22/06/22 23:00:00,A,NR,TOTAL,FOR,ES,2015,73733,
ESTAT:DEMO_FACZC$DEFAULTVIEW(1.0),22/06/22 23:00:00,A,NR,TOTAL,FOR,ES,2016,74383,
ESTAT:DEMO_FACZC$DEFAULTVIEW(1.0),22/06/22 23:00:00,A,NR,TOTAL,FOR,ES,2017,74407,
ESTAT:DEMO_FACZC$DEFAULTVIEW(1.0),22/06/22 23:00:00,A,NR,TOTAL,FOR,ES,2018,75719,
ESTAT:DEMO_FACZC$DEFAULTVIEW(1.0),22/06/22 23:00:00,A,NR,TOTAL,FOR,ES,2019,78877,
ESTAT:DEMO_FACZC$DEFAULTVIEW(1.0),22/06/22 23:00:00,A,NR,TOTAL,FOR,ES,2020,76587,
ESTAT:DEMO_FACZC$DEFAULTVIEW(1.0),22/06/22 23:00:00,A,NR,TOTAL,FOR,EU27_2007,2013,693131,
ESTAT:DEMO_FACZC$DEFAULTVIEW(1.0),22/06/22 23:00:00,A,NR,TOTAL,FOR,EU27_2007,2014,719152,e
ESTAT:DEMO_FACZC$DEFAULTVIEW(1.0),22/06/22 23:00:00,A,NR,TOTAL,FOR,EU27_2007,2015,742125,e
ESTAT:DEMO_FACZC$DEFAULTVIEW(1.0),22/06/22 23:00:00,A,NR,TOTAL,FOR,EU27_2007,2016,792656,
ESTAT:DEMO_FACZC$DEFAULTVIEW(1.0),22/06/22 23:00:00,A,NR,TOTAL,FOR,EU27_2007,2017,794726,
ESTAT:DEMO_FACZC$DEFAULTVIEW(1.0),22/06/22 23:00:00,A,NR,TOTAL,FOR,EU27_2007,2018,798527,
ESTAT:DEMO_FACZC$DEFAULTVIEW(1.0),22/06/22 23:00:00,A,NR,TOTAL,FOR,EU27_2020,2013,560599,
ESTAT:DEMO_FACZC$DEFAULTVIEW(1.0),22/06/22 23:00:00,A,NR,TOTAL,FOR,EU27_2020,2014,583682,
ESTAT:DEMO_FACZC$DEFAULTVIEW(1.0),22/06/22 23:00:00,A,NR,TOTAL,FOR,EU27_2020,2015,602647,
ESTAT:DEMO_FACZC$DEFAULTVIEW(1.0),22/06/22 23:00:00,A,NR,TOTAL,FOR,EU27_2020,2016,649997,
ESTAT:DEMO_FACZC$DEFAULTVIEW(1.0),22/06/22 23:00:00,A,NR,TOTAL,FOR,EU27_2020,2017,654470,
ESTAT:DEMO_FACZC$DEFAULTVIEW(1.0),22/06/22 23:00:00,A,NR,TOTAL,FOR,EU27_2020,2018,663253,
ESTAT:DEMO_FACZC$DEFAULTVIEW(1.0),22/06/22 23:00:00,A,NR,TOTAL,FOR,EU27_2020,2019,672584,
ESTAT:DEMO_FACZC$DEFAULTVIEW(1.0),22/06/22 23:00:00,A,NR,TOTAL,FOR,EU27_2020,2020,659121,
ESTAT:DEMO_FACZC$DEFAULTVIEW(1.0),22/06/22 23:00:00,A,NR,TOTAL,FOR,EU28,2013,693658,
ESTAT:DEMO_FACZC$DEFAULTVIEW(1.0),22/06/22 23:00:00,A,NR,TOTAL,FOR,EU28,2014,719790,e
ESTAT:DEMO_FACZC$DEFAULTVIEW(1.0),22/06/22 23:00:00,A,NR,TOTAL,FOR,EU28,2015,742720,e
ESTAT:DEMO_FACZC$DEFAULTVIEW(1.0),22/06/22 23:00:00,A,NR,TOTAL,FOR,EU28,2016,793251,
ESTAT:DEMO_FACZC$DEFAULTVIEW(1.0),22/06/22 23:00:00,A,NR,TOTAL,FOR,EU28,2017,795326,
ESTAT:DEMO_FACZC$DEFAULTVIEW(1.0),22/06/22 23:00:00,A,NR,TOTAL,FOR,EU28,2018,798934,
ESTAT:DEMO_FACZC$DEFAULTVIEW(1.0),22/06/22 23:00:00,A,NR,TOTAL,FOR,FI,2011,3889,
ESTAT:DEMO_FACZC$DEFAULTVIEW(1.0),22/06/22 23:00:00,A,NR,TOTAL,FOR,FI,2012,4141,
ESTAT:DEMO_FACZC$DEFAULTVIEW(1.0),22/06/22 23:00:00,A,NR,TOTAL,FOR,FI,2013,4308,
ESTAT:DEMO_FACZC$DEFAULTVIEW(1.0),22/06/22 23:00:00,A,NR,TOTAL,FOR,FI,2014,4532,
ESTAT:DEMO_FACZC$DEFAULTVIEW(1.0),22/06/22 23:00:00,A,NR,TOTAL,FOR,FI,2015,4630,
ESTAT:DEMO_FACZC$DEFAULTVIEW(1.0),22/06/22 23:00:00,A,NR,TOTAL,FOR,FI,2016,4716,
ESTAT:DEMO_FACZC$DEFAULTVIEW(1.0),22/06/22 23:00:00,A,NR,TOTAL,FOR,FI,2017,4622,
ESTAT:DEMO_FACZC$DEFAULTVIEW(1.0),22/06/22 23:00:00,A,NR,TOTAL,FOR,FI,2018,4661,
ESTAT:DEMO_FACZC$DEFAULTVIEW(1.0),22/06/22 23:00:00,A,NR,TOTAL,FOR,FI,2019,4541,
ESTAT:DEMO_FACZC$DEFAULTVIEW(1.0),22/06/22 23:00:00,A,NR,TOTAL,FOR,FI,2020,4742,
ESTAT:DEMO_FACZC$DEFAULTVIEW(1.0),22/06/22 23:00:00,A,NR,TOTAL,FOR,FR,2013,119236,
ESTAT:DEMO_FACZC$DEFAULTVIEW(1.0),22/06/22 23:00:00,A,NR,TOTAL,FOR,FR,2014,129596,
ESTAT:DEMO_FACZC$DEFAULTVIEW(1.0),22/06/22 23:00:00,A,NR,TOTAL,FOR,FR,2015,131973,
ESTAT:DEMO_FACZC$DEFAULTVIEW(1.0),22/06/22 23:00:00,A,NR,TOTAL,FOR,FR,2016,134515,
ESTAT:DEMO_FACZC$DEFAULTVIEW(1.0),22/06/22 23:00:00,A,NR,TOTAL,FOR,FR,2017,135801,
ESTAT:DEMO_FACZC$DEFAULTVIEW(1.0),22/06/22 23:00:00,A,NR,TOTAL,FOR,FR,2018,136951,
ESTAT:DEMO_FACZC$DEFAULTVIEW(1.0),22/06/22 23:00:00,A,NR,TOTAL,FOR,FR,2019,141552,
ESTAT:DEMO_FACZC$DEFAULTVIEW(1.0),22/06/22 23:00:00,A,NR,TOTAL,FOR,FR,2020,137051,
ESTAT:DEMO_FACZC$DEFAULTVIEW(1.0),22/06/22 23:00:00,A,NR,TOTAL,FOR,GE,2014,942,
ESTAT:DEMO_FACZC$DEFAULTVIEW(1.0),22/06/22 23:00:00,A,NR,TOTAL,FOR,GE,2015,969,
ESTAT:DEMO_FACZC$DEFAULTVIEW(1.0),22/06/22 23:00:00,A,NR,TOTAL,FOR,GE,2016,1171,
ESTAT:DEMO_FACZC$DEFAULTVIEW(1.0),22/06/22 23:00:00,A,NR,TOTAL,FOR,GE,2018,1433,
ESTAT:DEMO_FACZC$DEFAULTVIEW(1.0),22/06/22 23:00:00,A,NR,TOTAL,FOR,GE,2019,1541,
ESTAT:DEMO_FACZC$DEFAULTVIEW(1.0),22/06/22 23:00:00,A,NR,TOTAL,FOR,GE,2020,1060,
ESTAT:DEMO_FACZC$DEFAULTVIEW(1.0),22/06/22 23:00:00,A,NR,TOTAL,FOR,HR,2011,476,
ESTAT:DEMO_FACZC$DEFAULTVIEW(1.0),22/06/22 23:00:00,A,NR,TOTAL,FOR,HR,2012,512,
ESTAT:DEMO_FACZC$DEFAULTVIEW(1.0),22/06/22 23:00:00,A,NR,TOTAL,FOR,HR,2013,527,
ESTAT:DEMO_FACZC$DEFAULTVIEW(1.0),22/06/22 23:00:00,A,NR,TOTAL,FOR,HR,2014,638,
ESTAT:DEMO_FACZC$DEFAULTVIEW(1.0),22/06/22 23:00:00,A,NR,TOTAL,FOR,HR,2015,595,
ESTAT:DEMO_FACZC$DEFAULTVIEW(1.0),22/06/22 23:00:00,A,NR,TOTAL,FOR,HR,2016,595,
ESTAT:DEMO_FACZC$DEFAULTVIEW(1.0),22/06/22 23:00:00,A,NR,TOTAL,FOR,HR,2017,600,
ESTAT:DEMO_FACZC$DEFAULTVIEW(1.0),22/06/22 23:00:00,A,NR,TOTAL,FOR,HR,2018,407,
ESTAT:DEMO_FACZC$DEFAULTVIEW(1.0),22/06/22 23:00:00,A,NR,TOTAL,FOR,HR,2019,397,
ESTAT:DEMO_FACZC$DEFAULTVIEW(1.0),22/06/22 23:00:00,A,NR,TOTAL,FOR,HR,2020,433,
ESTAT:DEMO_FACZC$DEFAULTVIEW(1.0),22/06/22 23:00:00,A,NR,TOTAL,FOR,HU,2011,2352,
ESTAT:DEMO_FACZC$DEFAULTVIEW(1.0),22/06/22 23:00:00,A,NR,TOTAL,FOR,HU,2012,2075,
ESTAT:DEMO_FACZC$DEFAULTVIEW(1.0),22/06/22 23:00:00,A,NR,TOTAL,FOR,HU,2013,1075,
ESTAT:DEMO_FACZC$DEFAULTVIEW(1.0),22/06/22 23:00:00,A,NR,TOTAL,FOR,HU,2014,1156,
ESTAT:DEMO_FACZC$DEFAULTVIEW(1.0),22/06/22 23:00:00,A,NR,TOTAL,FOR,HU,2015,993,
ESTAT:DEMO_FACZC$DEFAULTVIEW(1.0),22/06/22 23:00:00,A,NR,TOTAL,FOR,HU,2016,1073,
ESTAT:DEMO_FACZC$DEFAULTVIEW(1.0),22/06/22 23:00:00,A,NR,TOTAL,FOR,HU,2017,1308,
ESTAT:DEMO_FACZC$DEFAULTVIEW(1.0),22/06/22 23:00:00,A,NR,TOTAL,FOR,HU,2018,1335,
ESTAT:DEMO_FACZC$DEFAULTVIEW(1.0),22/06/22 23:00:00,A,NR,TOTAL,FOR,HU,2019,1282,
ESTAT:DEMO_FACZC$DEFAULTVIEW(1.0),22/06/22 23:00:00,A,NR,TOTAL,FOR,HU,2020,1256,
ESTAT:DEMO_FACZC$DEFAULTVIEW(1.0),22/06/22 23:00:00,A,NR,TOTAL,FOR,IE,2013,15469,
ESTAT:DEMO_FACZC$DEFAULTVIEW(1.0),22/06/22 23:00:00,A,NR,TOTAL,FOR,IE,2014,14846,
ESTAT:DEMO_FACZC$DEFAULTVIEW(1.0),22/06/22 23:00:00,A,NR,TOTAL,FOR,IE,2015,14472,
ESTAT:DEMO_FACZC$DEFAULTVIEW(1.0),22/06/22 23:00:00,A,NR,TOTAL,FOR,IE,2016,14628,
ESTAT:DEMO_FACZC$DEFAULTVIEW(1.0),22/06/22 23:00:00,A,NR,TOTAL,FOR,IE,2017,13954,
ESTAT:DEMO_FACZC$DEFAULTVIEW(1.0),22/06/22 23:00:00,A,NR,TOTAL,FOR,IE,2018,13883,
ESTAT:DEMO_FACZC$DEFAULTVIEW(1.0),22/06/22 23:00:00,A,NR,TOTAL,FOR,IE,2019,13609,
ESTAT:DEMO_FACZC$DEFAULTVIEW(1.0),22/06/22 23:00:00,A,NR,TOTAL,FOR,IE,2020,12920,
ESTAT:DEMO_FACZC$DEFAULTVIEW(1.0),22/06/22 23:00:00,A,NR,TOTAL,FOR,IS,2011,528,
ESTAT:DEMO_FACZC$DEFAULTVIEW(1.0),22/06/22 23:00:00,A,NR,TOTAL,FOR,IS,2012,558,
ESTAT:DEMO_FACZC$DEFAULTVIEW(1.0),22/06/22 23:00:00,A,NR,TOTAL,FOR,IS,2013,511,
ESTAT:DEMO_FACZC$DEFAULTVIEW(1.0),22/06/22 23:00:00,A,NR,TOTAL,FOR,IS,2014,504,
ESTAT:DEMO_FACZC$DEFAULTVIEW(1.0),22/06/22 23:00:00,A,NR,TOTAL,FOR,IS,2015,520,
ESTAT:DEMO_FACZC$DEFAULTVIEW(1.0),22/06/22 23:00:00,A,NR,TOTAL,FOR,IS,2016,535,
ESTAT:DEMO_FACZC$DEFAULTVIEW(1.0),22/06/22 23:00:00,A,NR,TOTAL,FOR,IS,2017,542,
ESTAT:DEMO_FACZC$DEFAULTVIEW(1.0),22/06/22 23:00:00,A,NR,TOTAL,FOR,IS,2018,654,
ESTAT:DEMO_FACZC$DEFAULTVIEW(1.0),22/06/22 23:00:00,A,NR,TOTAL,FOR,IS,2019,719,
ESTAT:DEMO_FACZC$DEFAULTVIEW(1.0),22/06/22 23:00:00,A,NR,TOTAL,FOR,IS,2020,753,
ESTAT:DEMO_FACZC$DEFAULTVIEW(1.0),22/06/22 23:00:00,A,NR,TOTAL,FOR,IT,2012,101609,
ESTAT:DEMO_FACZC$DEFAULTVIEW(1.0),22/06/22 23:00:00,A,NR,TOTAL,FOR,IT,2013,98803,
ESTAT:DEMO_FACZC$DEFAULTVIEW(1.0),22/06/22 23:00:00,A,NR,TOTAL,FOR,IT,2014,97302,
ESTAT:DEMO_FACZC$DEFAULTVIEW(1.0),22/06/22 23:00:00,A,NR,TOTAL,FOR,IT,2015,94249,
ESTAT:DEMO_FACZC$DEFAULTVIEW(1.0),22/06/22 23:00:00,A,NR,TOTAL,FOR,IT,2016,93203,
ESTAT:DEMO_FACZC$DEFAULTVIEW(1.0),22/06/22 23:00:00,A,NR,TOTAL,FOR,IT,2017,91720,
ESTAT:DEMO_FACZC$DEFAULTVIEW(1.0),22/06/22 23:00:00,A,NR,TOTAL,FOR,IT,2018,88619,
ESTAT:DEMO_FACZC$DEFAULTVIEW(1.0),22/06/22 23:00:00,A,NR,TOTAL,FOR,IT,2019,84750,
ESTAT:DEMO_FACZC$DEFAULTVIEW(1.0),22/06/22 23:00:00,A,NR,TOTAL,FOR,IT,2020,80799,
ESTAT:DEMO_FACZC$DEFAULTVIEW(1.0),22/06/22 23:00:00,A,NR,TOTAL,FOR,LI,2011,191,
ESTAT:DEMO_FACZC$DEFAULTVIEW(1.0),22/06/22 23:00:00,A,NR,TOTAL,FOR,LI,2012,164,
ESTAT:DEMO_FACZC$DEFAULTVIEW(1.0),22/06/22 23:00:00,A,NR,TOTAL,FOR,LI,2013,164,
ESTAT:DEMO_FACZC$DEFAULTVIEW(1.0),22/06/22 23:00:00,A,NR,TOTAL,FOR,LI,2014,182,
ESTAT:DEMO_FACZC$DEFAULTVIEW(1.0),22/06/22 23:00:00,A,NR,TOTAL,FOR,LI,2015,177,
ESTAT:DEMO_FACZC$DEFAULTVIEW(1.0),22/06/22 23:00:00,A,NR,TOTAL,FOR,LI,2016,175,
ESTAT:DEMO_FACZC$DEFAULTVIEW(1.0),22/06/22 23:00:00,A,NR,TOTAL,FOR,LI,2017,174,
ESTAT:DEMO_FACZC$DEFAULTVIEW(1.0),22/06/22 23:00:00,A,NR,TOTAL,FOR,LI,2018,180,
ESTAT:DEMO_FACZC$DEFAULTVIEW(1.0),22/06/22 23:00:00,A,NR,TOTAL,FOR,LI,2019,153,
ESTAT:DEMO_FACZC$DEFAULTVIEW(1.0),22/06/22 23:00:00,A,NR,TOTAL,FOR,LI,2020,188,
ESTAT:DEMO_FACZC$DEFAULTVIEW(1.0),22/06/22 23:00:00,A,NR,TOTAL,FOR,LT,2011,373,
ESTAT:DEMO_FACZC$DEFAULTVIEW(1.0),22/06/22 23:00:00,A,NR,TOTAL,FOR,LT,2012,359,
ESTAT:DEMO_FACZC$DEFAULTVIEW(1.0),22/06/22 23:00:00,A,NR,TOTAL,FOR,LT,2013,358,
ESTAT:DEMO_FACZC$DEFAULTVIEW(1.0),22/06/22 23:00:00,A,NR,TOTAL,FOR,LT,2014,414,
ESTAT:DEMO_FACZC$DEFAULTVIEW(1.0),22/06/22 23:00:00,A,NR,TOTAL,FOR,LT,2015,410,
ESTAT:DEMO_FACZC$DEFAULTVIEW(1.0),22/06/22 23:00:00,A,NR,TOTAL,FOR,LT,2016,468,
ESTAT:DEMO_FACZC$DEFAULTVIEW(1.0),22/06/22 23:00:00,A,NR,TOTAL,FOR,LT,2017,467,
ESTAT:DEMO_FACZC$DEFAULTVIEW(1.0),22/06/22 23:00:00,A,NR,TOTAL,FOR,LT,2018,755,
ESTAT:DEMO_FACZC$DEFAULTVIEW(1.0),22/06/22 23:00:00,A,NR,TOTAL,FOR,LT,2019,957,
ESTAT:DEMO_FACZC$DEFAULTVIEW(1.0),22/06/22 23:00:00,A,NR,TOTAL,FOR,LT,2020,733,
ESTAT:DEMO_FACZC$DEFAULTVIEW(1.0),22/06/22 23:00:00,A,NR,TOTAL,FOR,LU,2011,3490,
ESTAT:DEMO_FACZC$DEFAULTVIEW(1.0),22/06/22 23:00:00,A,NR,TOTAL,FOR,LU,2012,3773,
ESTAT:DEMO_FACZC$DEFAULTVIEW(1.0),22/06/22 23:00:00,A,NR,TOTAL,FOR,LU,2013,3827,
ESTAT:DEMO_FACZC$DEFAULTVIEW(1.0),22/06/22 23:00:00,A,NR,TOTAL,FOR,LU,2014,3743,
ESTAT:DEMO_FACZC$DEFAULTVIEW(1.0),22/06/22 23:00:00,A,NR,TOTAL,FOR,LU,2015,3761,
ESTAT:DEMO_FACZC$DEFAULTVIEW(1.0),22/06/22 23:00:00,A,NR,TOTAL,FOR,LU,2016,3738,
ESTAT:DEMO_FACZC$DEFAULTVIEW(1.0),22/06/22 23:00:00,A,NR,TOTAL,FOR,LU,2017,3707,
ESTAT:DEMO_FACZC$DEFAULTVIEW(1.0),22/06/22 23:00:00,A,NR,TOTAL,FOR,LU,2018,3845,
ESTAT:DEMO_FACZC$DEFAULTVIEW(1.0),22/06/22 23:00:00,A,NR,TOTAL,FOR,LU,2019,3803,
ESTAT:DEMO_FACZC$DEFAULTVIEW(1.0),22/06/22 23:00:00,A,NR,TOTAL,FOR,LU,2020,3847,
ESTAT:DEMO_FACZC$DEFAULTVIEW(1.0),22/06/22 23:00:00,A,NR,TOTAL,FOR,LV,2011,1401,
ESTAT:DEMO_FACZC$DEFAULTVIEW(1.0),22/06/22 23:00:00,A,NR,TOTAL,FOR,LV,2012,1263,
ESTAT:DEMO_FACZC$DEFAULTVIEW(1.0),22/06/22 23:00:00,A,NR,TOTAL,FOR,LV,2013,1369,
ESTAT:DEMO_FACZC$DEFAULTVIEW(1.0),22/06/22 23:00:00,A,NR,TOTAL,FOR,LV,2014,1370,
ESTAT:DEMO_FACZC$DEFAULTVIEW(1.0),22/06/22 23:00:00,A,NR,TOTAL,FOR,LV,2015,1298,
ESTAT:DEMO_FACZC$DEFAULTVIEW(1.0),22/06/22 23:00:00,A,NR,TOTAL,FOR,LV,2016,1264,
ESTAT:DEMO_FACZC$DEFAULTVIEW(1.0),22/06/22 23:00:00,A,NR,TOTAL,FOR,LV,2017,1052,
ESTAT:DEMO_FACZC$DEFAULTVIEW(1.0),22/06/22 23:00:00,A,NR,TOTAL,FOR,LV,2018,1093,
ESTAT:DEMO_FACZC$DEFAULTVIEW(1.0),22/06/22 23:00:00,A,NR,TOTAL,FOR,LV,2019,949,
ESTAT:DEMO_FACZC$DEFAULTVIEW(1.0),22/06/22 23:00:00,A,NR,TOTAL,FOR,LV,2020,927,
ESTAT:DEMO_FACZC$DEFAULTVIEW(1.0),22/06/22 23:00:00,A,NR,TOTAL,FOR,MD,2016,3,
ESTAT:DEMO_FACZC$DEFAULTVIEW(1.0),22/06/22 23:00:00,A,NR,TOTAL,FOR,ME,2011,624,
ESTAT:DEMO_FACZC$DEFAULTVIEW(1.0),22/06/22 23:00:00,A,NR,TOTAL,FOR,ME,2012,613,
ESTAT:DEMO_FACZC$DEFAULTVIEW(1.0),22/06/22 23:00:00,A,NR,TOTAL,FOR,ME,2013,779,
ESTAT:DEMO_FACZC$DEFAULTVIEW(1.0),22/06/22 23:00:00,A,NR,TOTAL,FOR,ME,2014,861,
ESTAT:DEMO_FACZC$DEFAULTVIEW(1.0),22/06/22 23:00:00,A,NR,TOTAL,FOR,ME,2015,888,
ESTAT:DEMO_FACZC$DEFAULTVIEW(1.0),22/06/22 23:00:00,A,NR,TOTAL,FOR,ME,2016,930,
ESTAT:DEMO_FACZC$DEFAULTVIEW(1.0),22/06/22 23:00:00,A,NR,TOTAL,FOR,ME,2017,963,
ESTAT:DEMO_FACZC$DEFAULTVIEW(1.0),22/06/22 23:00:00,A,NR,TOTAL,FOR,ME,2018,979,
ESTAT:DEMO_FACZC$DEFAULTVIEW(1.0),22/06/22 23:00:00,A,NR,TOTAL,FOR,ME,2019,990,
ESTAT:DEMO_FACZC$DEFAULTVIEW(1.0),22/06/22 23:00:00,A,NR,TOTAL,FOR,ME,2020,941,
ESTAT:DEMO_FACZC$DEFAULTVIEW(1.0),22/06/22 23:00:00,A,NR,TOTAL,FOR,MK,2011,841,
ESTAT:DEMO_FACZC$DEFAULTVIEW(1.0),22/06/22 23:00:00,A,NR,TOTAL,FOR,MK,2012,744,
ESTAT:DEMO_FACZC$DEFAULTVIEW(1.0),22/06/22 23:00:00,A,NR,TOTAL,FOR,MK,2013,849,
ESTAT:DEMO_FACZC$DEFAULTVIEW(1.0),22/06/22 23:00:00,A,NR,TOTAL,FOR,MK,2014,850,
ESTAT:DEMO_FACZC$DEFAULTVIEW(1.0),22/06/22 23:00:00,A,NR,TOTAL,FOR,MK,2015,840,
ESTAT:DEMO_FACZC$DEFAULTVIEW(1.0),22/06/22 23:00:00,A,NR,TOTAL,FOR,MK,2017,779,
ESTAT:DEMO_FACZC$DEFAULTVIEW(1.0),22/06/22 23:00:00,A,NR,TOTAL,FOR,MK,2018,776,
ESTAT:DEMO_FACZC$DEFAULTVIEW(1.0),22/06/22 23:00:00,A,NR,TOTAL,FOR,MK,2019,659,
ESTAT:DEMO_FACZC$DEFAULTVIEW(1.0),22/06/22 23:00:00,A,NR,TOTAL,FOR,MK,2020,541,
ESTAT:DEMO_FACZC$DEFAULTVIEW(1.0),22/06/22 23:00:00,A,NR,TOTAL,FOR,MT,2011,259,
ESTAT:DEMO_FACZC$DEFAULTVIEW(1.0),22/06/22 23:00:00,A,NR,TOTAL,FOR,MT,2012,238,
ESTAT:DEMO_FACZC$DEFAULTVIEW(1.0),22/06/22 23:00:00,A,NR,TOTAL,FOR,MT,2013,479,
ESTAT:DEMO_FACZC$DEFAULTVIEW(1.0),22/06/22 23:00:00,A,NR,TOTAL,FOR,MT,2014,636,
ESTAT:DEMO_FACZC$DEFAULTVIEW(1.0),22/06/22 23:00:00,A,NR,TOTAL,FOR,MT,2015,730,
ESTAT:DEMO_FACZC$DEFAULTVIEW(1.0),22/06/22 23:00:00,A,NR,TOTAL,FOR,MT,2016,849,
ESTAT:DEMO_FACZC$DEFAULTVIEW(1.0),22/06/22 23:00:00,A,NR,TOTAL,FOR,MT,2017,910,
ESTAT:DEMO_FACZC$DEFAULTVIEW(1.0),22/06/22 23:00:00,A,NR,TOTAL,FOR,MT,2018,1048,
ESTAT:DEMO_FACZC$DEFAULTVIEW(1.0),22/06/22 23:00:00,A,NR,TOTAL,FOR,MT,2019,1155,
ESTAT:DEMO_FACZC$DEFAULTVIEW(1.0),22/06/22 23:00:00,A,NR,TOTAL,FOR,MT,2020,1267,
ESTAT:DEMO_FACZC$DEFAULTVIEW(1.0),22/06/22 23:00:00,A,NR,TOTAL,FOR,NL,2011,18394,
ESTAT:DEMO_FACZC$DEFAULTVIEW(1.0),22/06/22 23:00:00,A,NR,TOTAL,FOR,NL,2012,18338,
ESTAT:DEMO_FACZC$DEFAULTVIEW(1.0),22/06/22 23:00:00,A,NR,TOTAL,FOR,NL,2013,15315,
ESTAT:DEMO_FACZC$DEFAULTVIEW(1.0),22/06/22 23:00:00,A,NR,TOTAL,FOR,NL,2014,16597,
ESTAT:DEMO_FACZC$DEFAULTVIEW(1.0),22/06/22 23:00:00,A,NR,TOTAL,FOR,NL,2015,16952,
ESTAT:DEMO_FACZC$DEFAULTVIEW(1.0),22/06/22 23:00:00,A,NR,TOTAL,FOR,NL,2016,18481,
ESTAT:DEMO_FACZC$DEFAULTVIEW(1.0),22/06/22 23:00:00,A,NR,TOTAL,FOR,NL,2017,19495,
ESTAT:DEMO_FACZC$DEFAULTVIEW(1.0),22/06/22 23:00:00,A,NR,TOTAL,FOR,NL,2018,20878,
ESTAT:DEMO_FACZC$DEFAULTVIEW(1.0),22/06/22 23:00:00,A,NR,TOTAL,FOR,NL,2019,21889,
ESTAT:DEMO_FACZC$DEFAULTVIEW(1.0),22/06/22 23:00:00,A,NR,TOTAL,FOR,NL,2020,21603,
ESTAT:DEMO_FACZC$DEFAULTVIEW(1.0),22/06/22 23:00:00,A,NR,TOTAL,FOR,NO,2011,10512,
ESTAT:DEMO_FACZC$DEFAULTVIEW(1.0),22/06/22 23:00:00,A,NR,TOTAL,FOR,NO,2012,10961,
ESTAT:DEMO_FACZC$DEFAULTVIEW(1.0),22/06/22 23:00:00,A,NR,TOTAL,FOR,NO,2013,11543,
ESTAT:DEMO_FACZC$DEFAULTVIEW(1.0),22/06/22 23:00:00,A,NR,TOTAL,FOR,NO,2014,11884,
ESTAT:DEMO_FACZC$DEFAULTVIEW(1.0),22/06/22 23:00:00,A,NR,TOTAL,FOR,NO,2015,12291,
ESTAT:DEMO_FACZC$DEFAULTVIEW(1.0),22/06/22 23:00:00,A,NR,TOTAL,FOR,NO,2016,12587,
ESTAT:DEMO_FACZC$DEFAULTVIEW(1.0),22/06/22 23:00:00,A,NR,TOTAL,FOR,NO,2017,12587,
ESTAT:DEMO_FACZC$DEFAULTVIEW(1.0),22/06/22 23:00:00,A,NR,TOTAL,FOR,NO,2018,12198,
ESTAT:DEMO_FACZC$DEFAULTVIEW(1.0),22/06/22 23:00:00,A,NR,TOTAL,FOR,NO,2019,11897,
ESTAT:DEMO_FACZC$DEFAULTVIEW(1.0),22/06/22 23:00:00,A,NR,TOTAL,FOR,NO,2020,11024,
ESTAT:DEMO_FACZC$DEFAULTVIEW(1.0),22/06/22 23:00:00,A,NR,TOTAL,FOR,PL,2013,1074,
ESTAT:DEMO_FACZC$DEFAULTVIEW(1.0),22/06/22 23:00:00,A,NR,TOTAL,FOR,PL,2014,906,
ESTAT:DEMO_FACZC$DEFAULTVIEW(1.0),22/06/22 23:00:00,A,NR,TOTAL,FOR,PL,2015,1736,
ESTAT:DEMO_FACZC$DEFAULTVIEW(1.0),22/06/22 23:00:00,A,NR,TOTAL,FOR,PL,2016,3213,
ESTAT:DEMO_FACZC$DEFAULTVIEW(1.0),22/06/22 23:00:00,A,NR,TOTAL,FOR,PL,2017,4061,
ESTAT:DEMO_FACZC$DEFAULTVIEW(1.0),22/06/22 23:00:00,A,NR,TOTAL,FOR,PL,2018,5142,
ESTAT:DEMO_FACZC$DEFAULTVIEW(1.0),22/06/22 23:00:00,A,NR,TOTAL,FOR,PL,2019,6425,
ESTAT:DEMO_FACZC$DEFAULTVIEW(1.0),22/06/22 23:00:00,A,NR,TOTAL,FOR,PL,2020,7912,
ESTAT:DEMO_FACZC$DEFAULTVIEW(1.0),22/06/22 23:00:00,A,NR,TOTAL,FOR,PT,2011,10003,
ESTAT:DEMO_FACZC$DEFAULTVIEW(1.0),22/06/22 23:00:00,A,NR,TOTAL,FOR,PT,2012,8761,
ESTAT:DEMO_FACZC$DEFAULTVIEW(1.0),22/06/22 23:00:00,A,NR,TOTAL,FOR,PT,2013,7405,
ESTAT:DEMO_FACZC$DEFAULTVIEW(1.0),22/06/22 23:00:00,A,NR,TOTAL,FOR,PT,2014,7200,
ESTAT:DEMO_FACZC$DEFAULTVIEW(1.0),22/06/22 23:00:00,A,NR,TOTAL,FOR,PT,2015,7164,
ESTAT:DEMO_FACZC$DEFAULTVIEW(1.0),22/06/22 23:00:00,A,NR,TOTAL,FOR,PT,2016,7686,
ESTAT:DEMO_FACZC$DEFAULTVIEW(1.0),22/06/22 23:00:00,A,NR,TOTAL,FOR,PT,2017,8316,
ESTAT:DEMO_FACZC$DEFAULTVIEW(1.0),22/06/22 23:00:00,A,NR,TOTAL,FOR,PT,2018,9389,
ESTAT:DEMO_FACZC$DEFAULTVIEW(1.0),22/06/22 23:00:00,A,NR,TOTAL,FOR,PT,2019,10683,
ESTAT:DEMO_FACZC$DEFAULTVIEW(1.0),22/06/22 23:00:00,A,NR,TOTAL,FOR,PT,2020,11355,
ESTAT:DEMO_FACZC$DEFAULTVIEW(1.0),22/06/22 23:00:00,A,NR,TOTAL,FOR,RO,2011,31,
ESTAT:DEMO_FACZC$DEFAULTVIEW(1.0),22/06/22 23:00:00,A,NR,TOTAL,FOR,RO,2012,48,
ESTAT:DEMO_FACZC$DEFAULTVIEW(1.0),22/06/22 23:00:00,A,NR,TOTAL,FOR,RO,2013,37,
ESTAT:DEMO_FACZC$DEFAULTVIEW(1.0),22/06/22 23:00:00,A,NR,TOTAL,FOR,RO,2014,1939,
ESTAT:DEMO_FACZC$DEFAULTVIEW(1.0),22/06/22 23:00:00,A,NR,TOTAL,FOR,RO,2015,2125,
ESTAT:DEMO_FACZC$DEFAULTVIEW(1.0),22/06/22 23:00:00,A,NR,TOTAL,FOR,RO,2016,2352,
ESTAT:DEMO_FACZC$DEFAULTVIEW(1.0),22/06/22 23:00:00,A,NR,TOTAL,FOR,RO,2017,2778,
ESTAT:DEMO_FACZC$DEFAULTVIEW(1.0),22/06/22 23:00:00,A,NR,TOTAL,FOR,RO,2018,2473,
ESTAT:DEMO_FACZC$DEFAULTVIEW(1.0),22/06/22 23:00:00,A,NR,TOTAL,FOR,RO,2019,2619,
ESTAT:DEMO_FACZC$DEFAULTVIEW(1.0),22/06/22 23:00:00,A,NR,TOTAL,FOR,RO,2020,3142,
ESTAT:DEMO_FACZC$DEFAULTVIEW(1.0),22/06/22 23:00:00,A,NR,TOTAL,FOR,RS,2011,561,
ESTAT:DEMO_FACZC$DEFAULTVIEW(1.0),22/06/22 23:00:00,A,NR,TOTAL,FOR,RS,2012,682,
ESTAT:DEMO_FACZC$DEFAULTVIEW(1.0),22/06/22 23:00:00,A,NR,TOTAL,FOR,RS,2013,596,
ESTAT:DEMO_FACZC$DEFAULTVIEW(1.0),22/06/22 23:00:00,A,NR,TOTAL,FOR,RS,2014,615,
ESTAT:DEMO_FACZC$DEFAULTVIEW(1.0),22/06/22 23:00:00,A,NR,TOTAL,FOR,RS,2015,831,
ESTAT:DEMO_FACZC$DEFAULTVIEW(1.0),22/06/22 23:00:00,A,NR,TOTAL,FOR,RS,2016,772,
ESTAT:DEMO_FACZC$DEFAULTVIEW(1.0),22/06/22 23:00:00,A,NR,TOTAL,FOR,RS,2017,830,
ESTAT:DEMO_FACZC$DEFAULTVIEW(1.0),22/06/22 23:00:00,A,NR,TOTAL,FOR,RS,2020,613,
ESTAT:DEMO_FACZC$DEFAULTVIEW(1.0),22/06/22 23:00:00,A,NR,TOTAL,FOR,RU,2013,43693,
ESTAT:DEMO_FACZC$DEFAULTVIEW(1.0),22/06/22 23:00:00,A,NR,TOTAL,FOR,SE,2011,15737,
ESTAT:DEMO_FACZC$DEFAULTVIEW(1.0),22/06/22 23:00:00,A,NR,TOTAL,FOR,SE,2012,16159,
ESTAT:DEMO_FACZC$DEFAULTVIEW(1.0),22/06/22 23:00:00,A,NR,TOTAL,FOR,SE,2013,16691,
ESTAT:DEMO_FACZC$DEFAULTVIEW(1.0),22/06/22 23:00:00,A,NR,TOTAL,FOR,SE,2014,17252,
ESTAT:DEMO_FACZC$DEFAULTVIEW(1.0),22/06/22 23:00:00,A,NR,TOTAL,FOR,SE,2015,18110,
ESTAT:DEMO_FACZC$DEFAULTVIEW(1.0),22/06/22 23:00:00,A,NR,TOTAL,FOR,SE,2016,19072,
ESTAT:DEMO_FACZC$DEFAULTVIEW(1.0),22/06/22 23:00:00,A,NR,TOTAL,FOR,SE,2017,19930,
ESTAT:DEMO_FACZC$DEFAULTVIEW(1.0),22/06/22 23:00:00,A,NR,TOTAL,FOR,SE,2018,20209,
ESTAT:DEMO_FACZC$DEFAULTVIEW(1.0),22/06/22 23:00:00,A,NR,TOTAL,FOR,SE,2019,20431,
ESTAT:DEMO_FACZC$DEFAULTVIEW(1.0),22/06/22 23:00:00,A,NR,TOTAL,FOR,SE,2020,19573,
ESTAT:DEMO_FACZC$DEFAULTVIEW(1.0),22/06/22 23:00:00,A,NR,TOTAL,FOR,SI,2011,1381,
ESTAT:DEMO_FACZC$DEFAULTVIEW(1.0),22/06/22 23:00:00,A,NR,TOTAL,FOR,SI,2012,1542,
ESTAT:DEMO_FACZC$DEFAULTVIEW(1.0),22/06/22 23:00:00,A,NR,TOTAL,FOR,SI,2013,1703,
ESTAT:DEMO_FACZC$DEFAULTVIEW(1.0),22/06/22 23:00:00,A,NR,TOTAL,FOR,SI,2014,1807,
ESTAT:DEMO_FACZC$DEFAULTVIEW(1.0),22/06/22 23:00:00,A,NR,TOTAL,FOR,SI,2015,2035,
ESTAT:DEMO_FACZC$DEFAULTVIEW(1.0),22/06/22 23:00:00,A,NR,TOTAL,FOR,SI,2016,2005,
ESTAT:DEMO_FACZC$DEFAULTVIEW(1.0),22/06/22 23:00:00,A,NR,TOTAL,FOR,SI,2017,2062,
ESTAT:DEMO_FACZC$DEFAULTVIEW(1.0),22/06/22 23:00:00,A,NR,TOTAL,FOR,SI,2018,2087,
ESTAT:DEMO_FACZC$DEFAULTVIEW(1.0),22/06/22 23:00:00,A,NR,TOTAL,FOR,SI,2019,2183,
ESTAT:DEMO_FACZC$DEFAULTVIEW(1.0),22/06/22 23:00:00,A,NR,TOTAL,FOR,SI,2020,2462,
ESTAT:DEMO_FACZC$DEFAULTVIEW(1.0),22/06/22 23:00:00,A,NR,TOTAL,FOR,SK,2011,5823,
ESTAT:DEMO_FACZC$DEFAULTVIEW(1.0),22/06/22 23:00:00,A,NR,TOTAL,FOR,SK,2012,56,
ESTAT:DEMO_FACZC$DEFAULTVIEW(1.0),22/06/22 23:00:00,A,NR,TOTAL,FOR,SK,2013,71,
ESTAT:DEMO_FACZC$DEFAULTVIEW(1.0),22/06/22 23:00:00,A,NR,TOTAL,FOR,SK,2014,88,
ESTAT:DEMO_FACZC$DEFAULTVIEW(1.0),22/06/22 23:00:00,A,NR,TOTAL,FOR,SK,2015,471,
ESTAT:DEMO_FACZC$DEFAULTVIEW(1.0),22/06/22 23:00:00,A,NR,TOTAL,FOR,SK,2016,601,
ESTAT:DEMO_FACZC$DEFAULTVIEW(1.0),22/06/22 23:00:00,A,NR,TOTAL,FOR,SK,2017,654,
ESTAT:DEMO_FACZC$DEFAULTVIEW(1.0),22/06/22 23:00:00,A,NR,TOTAL,FOR,SK,2018,692,
ESTAT:DEMO_FACZC$DEFAULTVIEW(1.0),22/06/22 23:00:00,A,NR,TOTAL,FOR,SK,2019,774,
ESTAT:DEMO_FACZC$DEFAULTVIEW(1.0),22/06/22 23:00:00,A,NR,TOTAL,FOR,SK,2020,762,
ESTAT:DEMO_FACZC$DEFAULTVIEW(1.0),22/06/22 23:00:00,A,NR,TOTAL,FOR,SM,2012,91,
ESTAT:DEMO_FACZC$DEFAULTVIEW(1.0),22/06/22 23:00:00,A,NR,TOTAL,FOR,TR,2015,15341,
ESTAT:DEMO_FACZC$DEFAULTVIEW(1.0),22/06/22 23:00:00,A,NR,TOTAL,FOR,TR,2016,18229,
ESTAT:DEMO_FACZC$DEFAULTVIEW(1.0),22/06/22 23:00:00,A,NR,TOTAL,FOR,TR,2017,19227,
ESTAT:DEMO_FACZC$DEFAULTVIEW(1.0),22/06/22 23:00:00,A,NR,TOTAL,FOR,TR,2018,20431,
ESTAT:DEMO_FACZC$DEFAULTVIEW(1.0),22/06/22 23:00:00,A,NR,TOTAL,FOR,TR,2019,20487,
ESTAT:DEMO_FACZC$DEFAULTVIEW(1.0),22/06/22 23:00:00,A,NR,TOTAL,FOR,TR,2020,20311,
ESTAT:DEMO_FACZC$DEFAULTVIEW(1.0),22/06/22 23:00:00,A,NR,TOTAL,FOR,UA,2011,5452,
ESTAT:DEMO_FACZC$DEFAULTVIEW(1.0),22/06/22 23:00:00,A,NR,TOTAL,FOR,UA,2012,5680,
ESTAT:DEMO_FACZC$DEFAULTVIEW(1.0),22/06/22 23:00:00,A,NR,TOTAL,FOR,UA,2016,3607,
ESTAT:DEMO_FACZC$DEFAULTVIEW(1.0),22/06/22 23:00:00,A,NR,TOTAL,FOR,UA,2017,3955,
ESTAT:DEMO_FACZC$DEFAULTVIEW(1.0),22/06/22 23:00:00,A,NR,TOTAL,FOR,UA,2020,4223,
ESTAT:DEMO_FACZC$DEFAULTVIEW(1.0),22/06/22 23:00:00,A,NR,TOTAL,FOR,UK,2013,133059,
ESTAT:DEMO_FACZC$DEFAULTVIEW(1.0),22/06/22 23:00:00,A,NR,TOTAL,FOR,UK,2014,136108,e
ESTAT:DEMO_FACZC$DEFAULTVIEW(1.0),22/06/22 23:00:00,A,NR,TOTAL,FOR,UK,2015,140073,e
ESTAT:DEMO_FACZC$DEFAULTVIEW(1.0),22/06/22 23:00:00,A,NR,TOTAL,FOR,UK,2016,143254,
ESTAT:DEMO_FACZC$DEFAULTVIEW(1.0),22/06/22 23:00:00,A,NR,TOTAL,FOR,UK,2017,140856,
ESTAT:DEMO_FACZC$DEFAULTVIEW(1.0),22/06/22 23:00:00,A,NR,TOTAL,FOR,UK,2018,135681,
ESTAT:DEMO_FACZC$DEFAULTVIEW(1.0),22/06/22 23:00:00,A,NR,TOTAL,FOR,XK,2016,102,
ESTAT:DEMO_FACZC$DEFAULTVIEW(1.0),22/06/22 23:00:00,A,NR,TOTAL,FOR,XK,2017,75,
ESTAT:DEMO_FACZC$DEFAULTVIEW(1.0),22/06/22 23:00:00,A,NR,TOTAL,FOR,XK,2018,80,
ESTAT:DEMO_FACZC$DEFAULTVIEW(1.0),22/06/22 23:00:00,A,NR,TOTAL,FOR,XK,2019,123,
