DATAFLOW,LAST UPDATE,freq,indic_de,geo,TIME_PERIOD,OBS_VALUE,OBS_FLAG
ESTAT:DEMO_FIND$DEFAULTVIEW(1.0),22/06/22 23:00:00,A,AGEMOTH1,AL,2013,25.5,
ESTAT:DEMO_FIND$DEFAULTVIEW(1.0),22/06/22 23:00:00,A,AGEMOTH1,AL,2014,25.6,
ESTAT:DEMO_FIND$DEFAULTVIEW(1.0),22/06/22 23:00:00,A,AGEMOTH1,AL,2016,26.0,
ESTAT:DEMO_FIND$DEFAULTVIEW(1.0),22/06/22 23:00:00,A,AGEMOTH1,AL,2017,26.1,
ESTAT:DEMO_FIND$DEFAULTVIEW(1.0),22/06/22 23:00:00,A,AGEMOTH1,AL,2018,26.4,
ESTAT:DEMO_FIND$DEFAULTVIEW(1.0),22/06/22 23:00:00,A,AGEMOTH1,AL,2019,26.4,
ESTAT:DEMO_FIND$DEFAULTVIEW(1.0),22/06/22 23:00:00,A,AGEMOTH1,AL,2020,26.6,
ESTAT:DEMO_FIND$DEFAULTVIEW(1.0),22/06/22 23:00:00,A,AGEMOTH1,AM,2015,24.6,
ESTAT:DEMO_FIND$DEFAULTVIEW(1.0),22/06/22 23:00:00,A,AGEMOTH1,AM,2016,24.7,
ESTAT:DEMO_FIND$DEFAULTVIEW(1.0),22/06/22 23:00:00,A,AGEMOTH1,AM,2017,24.7,
ESTAT:DEMO_FIND$DEFAULTVIEW(1.0),22/06/22 23:00:00,A,AGEMOTH1,AM,2018,24.8,
ESTAT:DEMO_FIND$DEFAULTVIEW(1.0),22/06/22 23:00:00,A,AGEMOTH1,AM,2019,24.8,
ESTAT:DEMO_FIND$DEFAULTVIEW(1.0),22/06/22 23:00:00,A,AGEMOTH1,AT,2011,28.5,
ESTAT:DEMO_FIND$DEFAULTVIEW(1.0),22/06/22 23:00:00,A,AGEMOTH1,AT,2012,28.7,
ESTAT:DEMO_FIND$DEFAULTVIEW(1.0),22/06/22 23:00:00,A,AGEMOTH1,AT,2013,28.8,
ESTAT:DEMO_FIND$DEFAULTVIEW(1.0),22/06/22 23:00:00,A,AGEMOTH1,AT,2014,29.0,
ESTAT:DEMO_FIND$DEFAULTVIEW(1.0),22/06/22 23:00:00,A,AGEMOTH1,AT,2015,29.2,
ESTAT:DEMO_FIND$DEFAULTVIEW(1.0),22/06/22 23:00:00,A,AGEMOTH1,AT,2016,29.2,
ESTAT:DEMO_FIND$DEFAULTVIEW(1.0),22/06/22 23:00:00,A,AGEMOTH1,AT,2017,29.3,
ESTAT:DEMO_FIND$DEFAULTVIEW(1.0),22/06/22 23:00:00,A,AGEMOTH1,AT,2018,29.5,
ESTAT:DEMO_FIND$DEFAULTVIEW(1.0),22/06/22 23:00:00,A,AGEMOTH1,AT,2019,29.7,
ESTAT:DEMO_FIND$DEFAULTVIEW(1.0),22/06/22 23:00:00,A,AGEMOTH1,AT,2020,29.7,
ESTAT:DEMO_FIND$DEFAULTVIEW(1.0),22/06/22 23:00:00,A,AGEMOTH1,AZ,2012,24.2,
ESTAT:DEMO_FIND$DEFAULTVIEW(1.0),22/06/22 23:00:00,A,AGEMOTH1,AZ,2013,24.1,
ESTAT:DEMO_FIND$DEFAULTVIEW(1.0),22/06/22 23:00:00,A,AGEMOTH1,AZ,2014,23.7,
ESTAT:DEMO_FIND$DEFAULTVIEW(1.0),22/06/22 23:00:00,A,AGEMOTH1,AZ,2015,23.6,
ESTAT:DEMO_FIND$DEFAULTVIEW(1.0),22/06/22 23:00:00,A,AGEMOTH1,AZ,2016,23.8,
ESTAT:DEMO_FIND$DEFAULTVIEW(1.0),22/06/22 23:00:00,A,AGEMOTH1,AZ,2017,23.8,
ESTAT:DEMO_FIND$DEFAULTVIEW(1.0),22/06/22 23:00:00,A,AGEMOTH1,AZ,2018,23.9,
ESTAT:DEMO_FIND$DEFAULTVIEW(1.0),22/06/22 23:00:00,A,AGEMOTH1,AZ,2019,23.8,
ESTAT:DEMO_FIND$DEFAULTVIEW(1.0),22/06/22 23:00:00,A,AGEMOTH1,BE,2011,28.1,b
ESTAT:DEMO_FIND$DEFAULTVIEW(1.0),22/06/22 23:00:00,A,AGEMOTH1,BE,2012,28.2,
ESTAT:DEMO_FIND$DEFAULTVIEW(1.0),22/06/22 23:00:00,A,AGEMOTH1,BE,2013,28.5,
ESTAT:DEMO_FIND$DEFAULTVIEW(1.0),22/06/22 23:00:00,A,AGEMOTH1,BE,2014,28.5,
ESTAT:DEMO_FIND$DEFAULTVIEW(1.0),22/06/22 23:00:00,A,AGEMOTH1,BE,2015,28.7,
ESTAT:DEMO_FIND$DEFAULTVIEW(1.0),22/06/22 23:00:00,A,AGEMOTH1,BE,2016,28.8,
ESTAT:DEMO_FIND$DEFAULTVIEW(1.0),22/06/22 23:00:00,A,AGEMOTH1,BE,2017,29.0,
ESTAT:DEMO_FIND$DEFAULTVIEW(1.0),22/06/22 23:00:00,A,AGEMOTH1,BE,2018,29.0,
ESTAT:DEMO_FIND$DEFAULTVIEW(1.0),22/06/22 23:00:00,A,AGEMOTH1,BE,2019,29.1,
ESTAT:DEMO_FIND$DEFAULTVIEW(1.0),22/06/22 23:00:00,A,AGEMOTH1,BE,2020,29.2,
ESTAT:DEMO_FIND$DEFAULTVIEW(1.0),22/06/22 23:00:00,A,AGEMOTH1,BG,2011,25.7,
ESTAT:DEMO_FIND$DEFAULTVIEW(1.0),22/06/22 23:00:00,A,AGEMOTH1,BG,2012,25.6,
ESTAT:DEMO_FIND$DEFAULTVIEW(1.0),22/06/22 23:00:00,A,AGEMOTH1,BG,2013,25.7,
ESTAT:DEMO_FIND$DEFAULTVIEW(1.0),22/06/22 23:00:00,A,AGEMOTH1,BG,2014,25.8,
ESTAT:DEMO_FIND$DEFAULTVIEW(1.0),22/06/22 23:00:00,A,AGEMOTH1,BG,2015,26.0,
ESTAT:DEMO_FIND$DEFAULTVIEW(1.0),22/06/22 23:00:00,A,AGEMOTH1,BG,2016,26.0,
ESTAT:DEMO_FIND$DEFAULTVIEW(1.0),22/06/22 23:00:00,A,AGEMOTH1,BG,2017,26.1,
ESTAT:DEMO_FIND$DEFAULTVIEW(1.0),22/06/22 23:00:00,A,AGEMOTH1,BG,2018,26.2,
ESTAT:DEMO_FIND$DEFAULTVIEW(1.0),22/06/22 23:00:00,A,AGEMOTH1,BG,2019,26.3,
ESTAT:DEMO_FIND$DEFAULTVIEW(1.0),22/06/22 23:00:00,A,AGEMOTH1,BG,2020,26.4,
ESTAT:DEMO_FIND$DEFAULTVIEW(1.0),22/06/22 23:00:00,A,AGEMOTH1,BY,2011,24.9,
ESTAT:DEMO_FIND$DEFAULTVIEW(1.0),22/06/22 23:00:00,A,AGEMOTH1,BY,2012,25.0,
ESTAT:DEMO_FIND$DEFAULTVIEW(1.0),22/06/22 23:00:00,A,AGEMOTH1,BY,2013,25.1,
ESTAT:DEMO_FIND$DEFAULTVIEW(1.0),22/06/22 23:00:00,A,AGEMOTH1,BY,2014,25.2,
ESTAT:DEMO_FIND$DEFAULTVIEW(1.0),22/06/22 23:00:00,A,AGEMOTH1,BY,2015,25.4,
ESTAT:DEMO_FIND$DEFAULTVIEW(1.0),22/06/22 23:00:00,A,AGEMOTH1,BY,2016,25.6,
ESTAT:DEMO_FIND$DEFAULTVIEW(1.0),22/06/22 23:00:00,A,AGEMOTH1,BY,2017,25.7,
ESTAT:DEMO_FIND$DEFAULTVIEW(1.0),22/06/22 23:00:00,A,AGEMOTH1,BY,2018,25.8,
ESTAT:DEMO_FIND$DEFAULTVIEW(1.0),22/06/22 23:00:00,A,AGEMOTH1,CH,2011,30.2,b
ESTAT:DEMO_FIND$DEFAULTVIEW(1.0),22/06/22 23:00:00,A,AGEMOTH1,CH,2012,30.3,
ESTAT:DEMO_FIND$DEFAULTVIEW(1.0),22/06/22 23:00:00,A,AGEMOTH1,CH,2013,30.4,
ESTAT:DEMO_FIND$DEFAULTVIEW(1.0),22/06/22 23:00:00,A,AGEMOTH1,CH,2014,30.6,
ESTAT:DEMO_FIND$DEFAULTVIEW(1.0),22/06/22 23:00:00,A,AGEMOTH1,CH,2015,30.6,
ESTAT:DEMO_FIND$DEFAULTVIEW(1.0),22/06/22 23:00:00,A,AGEMOTH1,CH,2016,30.7,
ESTAT:DEMO_FIND$DEFAULTVIEW(1.0),22/06/22 23:00:00,A,AGEMOTH1,CH,2017,30.7,
ESTAT:DEMO_FIND$DEFAULTVIEW(1.0),22/06/22 23:00:00,A,AGEMOTH1,CH,2018,30.9,
ESTAT:DEMO_FIND$DEFAULTVIEW(1.0),22/06/22 23:00:00,A,AGEMOTH1,CH,2019,31.0,
ESTAT:DEMO_FIND$DEFAULTVIEW(1.0),22/06/22 23:00:00,A,AGEMOTH1,CH,2020,31.1,
ESTAT:DEMO_FIND$DEFAULTVIEW(1.0),22/06/22 23:00:00,A,AGEMOTH1,CY,2011,28.5,
ESTAT:DEMO_FIND$DEFAULTVIEW(1.0),22/06/22 23:00:00,A,AGEMOTH1,CY,2012,28.8,
ESTAT:DEMO_FIND$DEFAULTVIEW(1.0),22/06/22 23:00:00,A,AGEMOTH1,CY,2013,29.0,
ESTAT:DEMO_FIND$DEFAULTVIEW(1.0),22/06/22 23:00:00,A,AGEMOTH1,CY,2014,29.2,
ESTAT:DEMO_FIND$DEFAULTVIEW(1.0),22/06/22 23:00:00,A,AGEMOTH1,CY,2015,29.5,
ESTAT:DEMO_FIND$DEFAULTVIEW(1.0),22/06/22 23:00:00,A,AGEMOTH1,CY,2016,29.6,
ESTAT:DEMO_FIND$DEFAULTVIEW(1.0),22/06/22 23:00:00,A,AGEMOTH1,CY,2017,29.7,
ESTAT:DEMO_FIND$DEFAULTVIEW(1.0),22/06/22 23:00:00,A,AGEMOTH1,CY,2018,29.8,
ESTAT:DEMO_FIND$DEFAULTVIEW(1.0),22/06/22 23:00:00,A,AGEMOTH1,CY,2019,30.0,
ESTAT:DEMO_FIND$DEFAULTVIEW(1.0),22/06/22 23:00:00,A,AGEMOTH1,CY,2020,30.0,
ESTAT:DEMO_FIND$DEFAULTVIEW(1.0),22/06/22 23:00:00,A,AGEMOTH1,CZ,2011,27.8,
ESTAT:DEMO_FIND$DEFAULTVIEW(1.0),22/06/22 23:00:00,A,AGEMOTH1,CZ,2012,27.9,
ESTAT:DEMO_FIND$DEFAULTVIEW(1.0),22/06/22 23:00:00,A,AGEMOTH1,CZ,2013,28.1,
ESTAT:DEMO_FIND$DEFAULTVIEW(1.0),22/06/22 23:00:00,A,AGEMOTH1,CZ,2014,28.1,
ESTAT:DEMO_FIND$DEFAULTVIEW(1.0),22/06/22 23:00:00,A,AGEMOTH1,CZ,2015,28.2,
ESTAT:DEMO_FIND$DEFAULTVIEW(1.0),22/06/22 23:00:00,A,AGEMOTH1,CZ,2016,28.2,
ESTAT:DEMO_FIND$DEFAULTVIEW(1.0),22/06/22 23:00:00,A,AGEMOTH1,CZ,2017,28.2,
ESTAT:DEMO_FIND$DEFAULTVIEW(1.0),22/06/22 23:00:00,A,AGEMOTH1,CZ,2018,28.4,
ESTAT:DEMO_FIND$DEFAULTVIEW(1.0),22/06/22 23:00:00,A,AGEMOTH1,CZ,2019,28.5,
ESTAT:DEMO_FIND$DEFAULTVIEW(1.0),22/06/22 23:00:00,A,AGEMOTH1,CZ,2020,28.5,
ESTAT:DEMO_FIND$DEFAULTVIEW(1.0),22/06/22 23:00:00,A,AGEMOTH1,DE,2011,29.0,b
ESTAT:DEMO_FIND$DEFAULTVIEW(1.0),22/06/22 23:00:00,A,AGEMOTH1,DE,2012,29.1,
ESTAT:DEMO_FIND$DEFAULTVIEW(1.0),22/06/22 23:00:00,A,AGEMOTH1,DE,2013,29.3,
ESTAT:DEMO_FIND$DEFAULTVIEW(1.0),22/06/22 23:00:00,A,AGEMOTH1,DE,2014,29.4,
ESTAT:DEMO_FIND$DEFAULTVIEW(1.0),22/06/22 23:00:00,A,AGEMOTH1,DE,2015,29.5,
ESTAT:DEMO_FIND$DEFAULTVIEW(1.0),22/06/22 23:00:00,A,AGEMOTH1,DE,2016,29.4,
ESTAT:DEMO_FIND$DEFAULTVIEW(1.0),22/06/22 23:00:00,A,AGEMOTH1,DE,2017,29.6,
ESTAT:DEMO_FIND$DEFAULTVIEW(1.0),22/06/22 23:00:00,A,AGEMOTH1,DE,2018,29.7,
ESTAT:DEMO_FIND$DEFAULTVIEW(1.0),22/06/22 23:00:00,A,AGEMOTH1,DE,2019,29.8,
ESTAT:DEMO_FIND$DEFAULTVIEW(1.0),22/06/22 23:00:00,A,AGEMOTH1,DE,2020,29.9,
ESTAT:DEMO_FIND$DEFAULTVIEW(1.0),22/06/22 23:00:00,A,AGEMOTH1,DE_TOT,2011,29.0,b
ESTAT:DEMO_FIND$DEFAULTVIEW(1.0),22/06/22 23:00:00,A,AGEMOTH1,DE_TOT,2012,29.1,
ESTAT:DEMO_FIND$DEFAULTVIEW(1.0),22/06/22 23:00:00,A,AGEMOTH1,DE_TOT,2013,29.3,
ESTAT:DEMO_FIND$DEFAULTVIEW(1.0),22/06/22 23:00:00,A,AGEMOTH1,DE_TOT,2014,29.4,
ESTAT:DEMO_FIND$DEFAULTVIEW(1.0),22/06/22 23:00:00,A,AGEMOTH1,DE_TOT,2015,29.5,
ESTAT:DEMO_FIND$DEFAULTVIEW(1.0),22/06/22 23:00:00,A,AGEMOTH1,DE_TOT,2016,29.4,
ESTAT:DEMO_FIND$DEFAULTVIEW(1.0),22/06/22 23:00:00,A,AGEMOTH1,DE_TOT,2017,29.6,
ESTAT:DEMO_FIND$DEFAULTVIEW(1.0),22/06/22 23:00:00,A,AGEMOTH1,DE_TOT,2018,29.7,
ESTAT:DEMO_FIND$DEFAULTVIEW(1.0),22/06/22 23:00:00,A,AGEMOTH1,DE_TOT,2019,29.8,
ESTAT:DEMO_FIND$DEFAULTVIEW(1.0),22/06/22 23:00:00,A,AGEMOTH1,DE_TOT,2020,29.9,
ESTAT:DEMO_FIND$DEFAULTVIEW(1.0),22/06/22 23:00:00,A,AGEMOTH1,DK,2012,29.0,
ESTAT:DEMO_FIND$DEFAULTVIEW(1.0),22/06/22 23:00:00,A,AGEMOTH1,DK,2013,29.0,
ESTAT:DEMO_FIND$DEFAULTVIEW(1.0),22/06/22 23:00:00,A,AGEMOTH1,DK,2014,29.2,
ESTAT:DEMO_FIND$DEFAULTVIEW(1.0),22/06/22 23:00:00,A,AGEMOTH1,DK,2015,29.2,
ESTAT:DEMO_FIND$DEFAULTVIEW(1.0),22/06/22 23:00:00,A,AGEMOTH1,DK,2016,29.3,
ESTAT:DEMO_FIND$DEFAULTVIEW(1.0),22/06/22 23:00:00,A,AGEMOTH1,DK,2017,29.4,
ESTAT:DEMO_FIND$DEFAULTVIEW(1.0),22/06/22 23:00:00,A,AGEMOTH1,DK,2018,29.5,
ESTAT:DEMO_FIND$DEFAULTVIEW(1.0),22/06/22 23:00:00,A,AGEMOTH1,DK,2019,29.7,
ESTAT:DEMO_FIND$DEFAULTVIEW(1.0),22/06/22 23:00:00,A,AGEMOTH1,DK,2020,29.8,
ESTAT:DEMO_FIND$DEFAULTVIEW(1.0),22/06/22 23:00:00,A,AGEMOTH1,EA18,2013,29.3,e
ESTAT:DEMO_FIND$DEFAULTVIEW(1.0),22/06/22 23:00:00,A,AGEMOTH1,EA18,2014,29.4,be
ESTAT:DEMO_FIND$DEFAULTVIEW(1.0),22/06/22 23:00:00,A,AGEMOTH1,EA18,2015,29.5,b
ESTAT:DEMO_FIND$DEFAULTVIEW(1.0),22/06/22 23:00:00,A,AGEMOTH1,EA18,2016,29.6,
ESTAT:DEMO_FIND$DEFAULTVIEW(1.0),22/06/22 23:00:00,A,AGEMOTH1,EA18,2017,29.7,b
ESTAT:DEMO_FIND$DEFAULTVIEW(1.0),22/06/22 23:00:00,A,AGEMOTH1,EA18,2018,29.8,bep
ESTAT:DEMO_FIND$DEFAULTVIEW(1.0),22/06/22 23:00:00,A,AGEMOTH1,EA18,2019,29.9,bep
ESTAT:DEMO_FIND$DEFAULTVIEW(1.0),22/06/22 23:00:00,A,AGEMOTH1,EA18,2020,30.0,p
ESTAT:DEMO_FIND$DEFAULTVIEW(1.0),22/06/22 23:00:00,A,AGEMOTH1,EA19,2013,29.3,e
ESTAT:DEMO_FIND$DEFAULTVIEW(1.0),22/06/22 23:00:00,A,AGEMOTH1,EA19,2014,29.4,be
ESTAT:DEMO_FIND$DEFAULTVIEW(1.0),22/06/22 23:00:00,A,AGEMOTH1,EA19,2015,29.5,b
ESTAT:DEMO_FIND$DEFAULTVIEW(1.0),22/06/22 23:00:00,A,AGEMOTH1,EA19,2016,29.6,
ESTAT:DEMO_FIND$DEFAULTVIEW(1.0),22/06/22 23:00:00,A,AGEMOTH1,EA19,2017,29.7,b
ESTAT:DEMO_FIND$DEFAULTVIEW(1.0),22/06/22 23:00:00,A,AGEMOTH1,EA19,2018,29.8,bep
ESTAT:DEMO_FIND$DEFAULTVIEW(1.0),22/06/22 23:00:00,A,AGEMOTH1,EA19,2019,29.9,bep
ESTAT:DEMO_FIND$DEFAULTVIEW(1.0),22/06/22 23:00:00,A,AGEMOTH1,EA19,2020,30.0,p
ESTAT:DEMO_FIND$DEFAULTVIEW(1.0),22/06/22 23:00:00,A,AGEMOTH1,EE,2011,26.4,
ESTAT:DEMO_FIND$DEFAULTVIEW(1.0),22/06/22 23:00:00,A,AGEMOTH1,EE,2012,26.5,
ESTAT:DEMO_FIND$DEFAULTVIEW(1.0),22/06/22 23:00:00,A,AGEMOTH1,EE,2013,26.5,
ESTAT:DEMO_FIND$DEFAULTVIEW(1.0),22/06/22 23:00:00,A,AGEMOTH1,EE,2014,26.6,
ESTAT:DEMO_FIND$DEFAULTVIEW(1.0),22/06/22 23:00:00,A,AGEMOTH1,EE,2015,27.2,b
ESTAT:DEMO_FIND$DEFAULTVIEW(1.0),22/06/22 23:00:00,A,AGEMOTH1,EE,2016,27.5,
ESTAT:DEMO_FIND$DEFAULTVIEW(1.0),22/06/22 23:00:00,A,AGEMOTH1,EE,2017,27.7,
ESTAT:DEMO_FIND$DEFAULTVIEW(1.0),22/06/22 23:00:00,A,AGEMOTH1,EE,2018,27.7,
ESTAT:DEMO_FIND$DEFAULTVIEW(1.0),22/06/22 23:00:00,A,AGEMOTH1,EE,2019,28.2,
ESTAT:DEMO_FIND$DEFAULTVIEW(1.0),22/06/22 23:00:00,A,AGEMOTH1,EE,2020,28.2,
ESTAT:DEMO_FIND$DEFAULTVIEW(1.0),22/06/22 23:00:00,A,AGEMOTH1,EL,2011,29.4,
ESTAT:DEMO_FIND$DEFAULTVIEW(1.0),22/06/22 23:00:00,A,AGEMOTH1,EL,2012,29.6,
ESTAT:DEMO_FIND$DEFAULTVIEW(1.0),22/06/22 23:00:00,A,AGEMOTH1,EL,2013,29.9,
ESTAT:DEMO_FIND$DEFAULTVIEW(1.0),22/06/22 23:00:00,A,AGEMOTH1,EL,2014,30.0,
ESTAT:DEMO_FIND$DEFAULTVIEW(1.0),22/06/22 23:00:00,A,AGEMOTH1,EL,2015,30.2,
ESTAT:DEMO_FIND$DEFAULTVIEW(1.0),22/06/22 23:00:00,A,AGEMOTH1,EL,2016,30.3,
ESTAT:DEMO_FIND$DEFAULTVIEW(1.0),22/06/22 23:00:00,A,AGEMOTH1,EL,2017,30.4,
ESTAT:DEMO_FIND$DEFAULTVIEW(1.0),22/06/22 23:00:00,A,AGEMOTH1,EL,2018,30.4,
ESTAT:DEMO_FIND$DEFAULTVIEW(1.0),22/06/22 23:00:00,A,AGEMOTH1,EL,2019,30.6,
ESTAT:DEMO_FIND$DEFAULTVIEW(1.0),22/06/22 23:00:00,A,AGEMOTH1,EL,2020,30.7,
ESTAT:DEMO_FIND$DEFAULTVIEW(1.0),22/06/22 23:00:00,A,AGEMOTH1,ES,2011,30.1,
ESTAT:DEMO_FIND$DEFAULTVIEW(1.0),22/06/22 23:00:00,A,AGEMOTH1,ES,2012,30.3,
ESTAT:DEMO_FIND$DEFAULTVIEW(1.0),22/06/22 23:00:00,A,AGEMOTH1,ES,2013,30.4,
ESTAT:DEMO_FIND$DEFAULTVIEW(1.0),22/06/22 23:00:00,A,AGEMOTH1,ES,2014,30.6,
ESTAT:DEMO_FIND$DEFAULTVIEW(1.0),22/06/22 23:00:00,A,AGEMOTH1,ES,2015,30.7,
ESTAT:DEMO_FIND$DEFAULTVIEW(1.0),22/06/22 23:00:00,A,AGEMOTH1,ES,2016,30.8,
ESTAT:DEMO_FIND$DEFAULTVIEW(1.0),22/06/22 23:00:00,A,AGEMOTH1,ES,2017,30.9,
ESTAT:DEMO_FIND$DEFAULTVIEW(1.0),22/06/22 23:00:00,A,AGEMOTH1,ES,2018,31.0,
ESTAT:DEMO_FIND$DEFAULTVIEW(1.0),22/06/22 23:00:00,A,AGEMOTH1,ES,2019,31.1,
ESTAT:DEMO_FIND$DEFAULTVIEW(1.0),22/06/22 23:00:00,A,AGEMOTH1,ES,2020,31.2,
ESTAT:DEMO_FIND$DEFAULTVIEW(1.0),22/06/22 23:00:00,A,AGEMOTH1,EU27_2007,2013,28.7,e
ESTAT:DEMO_FIND$DEFAULTVIEW(1.0),22/06/22 23:00:00,A,AGEMOTH1,EU27_2007,2014,28.8,be
ESTAT:DEMO_FIND$DEFAULTVIEW(1.0),22/06/22 23:00:00,A,AGEMOTH1,EU27_2007,2015,28.9,b
ESTAT:DEMO_FIND$DEFAULTVIEW(1.0),22/06/22 23:00:00,A,AGEMOTH1,EU27_2007,2016,29.0,
ESTAT:DEMO_FIND$DEFAULTVIEW(1.0),22/06/22 23:00:00,A,AGEMOTH1,EU27_2007,2017,29.1,b
ESTAT:DEMO_FIND$DEFAULTVIEW(1.0),22/06/22 23:00:00,A,AGEMOTH1,EU27_2007,2018,29.2,bep
ESTAT:DEMO_FIND$DEFAULTVIEW(1.0),22/06/22 23:00:00,A,AGEMOTH1,EU27_2020,2013,28.8,e
ESTAT:DEMO_FIND$DEFAULTVIEW(1.0),22/06/22 23:00:00,A,AGEMOTH1,EU27_2020,2014,28.9,be
ESTAT:DEMO_FIND$DEFAULTVIEW(1.0),22/06/22 23:00:00,A,AGEMOTH1,EU27_2020,2015,29.0,b
ESTAT:DEMO_FIND$DEFAULTVIEW(1.0),22/06/22 23:00:00,A,AGEMOTH1,EU27_2020,2016,29.1,
ESTAT:DEMO_FIND$DEFAULTVIEW(1.0),22/06/22 23:00:00,A,AGEMOTH1,EU27_2020,2017,29.2,b
ESTAT:DEMO_FIND$DEFAULTVIEW(1.0),22/06/22 23:00:00,A,AGEMOTH1,EU27_2020,2018,29.3,bep
ESTAT:DEMO_FIND$DEFAULTVIEW(1.0),22/06/22 23:00:00,A,AGEMOTH1,EU27_2020,2019,29.4,bep
ESTAT:DEMO_FIND$DEFAULTVIEW(1.0),22/06/22 23:00:00,A,AGEMOTH1,EU27_2020,2020,29.5,ep
ESTAT:DEMO_FIND$DEFAULTVIEW(1.0),22/06/22 23:00:00,A,AGEMOTH1,EU28,2013,28.7,e
ESTAT:DEMO_FIND$DEFAULTVIEW(1.0),22/06/22 23:00:00,A,AGEMOTH1,EU28,2014,28.8,be
ESTAT:DEMO_FIND$DEFAULTVIEW(1.0),22/06/22 23:00:00,A,AGEMOTH1,EU28,2015,28.9,b
ESTAT:DEMO_FIND$DEFAULTVIEW(1.0),22/06/22 23:00:00,A,AGEMOTH1,EU28,2016,29.0,
ESTAT:DEMO_FIND$DEFAULTVIEW(1.0),22/06/22 23:00:00,A,AGEMOTH1,EU28,2017,29.1,b
ESTAT:DEMO_FIND$DEFAULTVIEW(1.0),22/06/22 23:00:00,A,AGEMOTH1,EU28,2018,29.2,bep
ESTAT:DEMO_FIND$DEFAULTVIEW(1.0),22/06/22 23:00:00,A,AGEMOTH1,FI,2011,28.4,
ESTAT:DEMO_FIND$DEFAULTVIEW(1.0),22/06/22 23:00:00,A,AGEMOTH1,FI,2012,28.5,
ESTAT:DEMO_FIND$DEFAULTVIEW(1.0),22/06/22 23:00:00,A,AGEMOTH1,FI,2013,28.5,
ESTAT:DEMO_FIND$DEFAULTVIEW(1.0),22/06/22 23:00:00,A,AGEMOTH1,FI,2014,28.6,
ESTAT:DEMO_FIND$DEFAULTVIEW(1.0),22/06/22 23:00:00,A,AGEMOTH1,FI,2015,28.8,
ESTAT:DEMO_FIND$DEFAULTVIEW(1.0),22/06/22 23:00:00,A,AGEMOTH1,FI,2016,29.0,
ESTAT:DEMO_FIND$DEFAULTVIEW(1.0),22/06/22 23:00:00,A,AGEMOTH1,FI,2017,29.1,
ESTAT:DEMO_FIND$DEFAULTVIEW(1.0),22/06/22 23:00:00,A,AGEMOTH1,FI,2018,29.2,
ESTAT:DEMO_FIND$DEFAULTVIEW(1.0),22/06/22 23:00:00,A,AGEMOTH1,FI,2019,29.4,
ESTAT:DEMO_FIND$DEFAULTVIEW(1.0),22/06/22 23:00:00,A,AGEMOTH1,FI,2020,29.5,
ESTAT:DEMO_FIND$DEFAULTVIEW(1.0),22/06/22 23:00:00,A,AGEMOTH1,FR,2013,28.1,
ESTAT:DEMO_FIND$DEFAULTVIEW(1.0),22/06/22 23:00:00,A,AGEMOTH1,FR,2014,28.3,b
ESTAT:DEMO_FIND$DEFAULTVIEW(1.0),22/06/22 23:00:00,A,AGEMOTH1,FR,2015,28.4,
ESTAT:DEMO_FIND$DEFAULTVIEW(1.0),22/06/22 23:00:00,A,AGEMOTH1,FR,2016,28.5,
ESTAT:DEMO_FIND$DEFAULTVIEW(1.0),22/06/22 23:00:00,A,AGEMOTH1,FR,2017,28.7,
ESTAT:DEMO_FIND$DEFAULTVIEW(1.0),22/06/22 23:00:00,A,AGEMOTH1,FR,2018,28.7,p
ESTAT:DEMO_FIND$DEFAULTVIEW(1.0),22/06/22 23:00:00,A,AGEMOTH1,FR,2019,28.8,p
ESTAT:DEMO_FIND$DEFAULTVIEW(1.0),22/06/22 23:00:00,A,AGEMOTH1,FR,2020,28.9,p
ESTAT:DEMO_FIND$DEFAULTVIEW(1.0),22/06/22 23:00:00,A,AGEMOTH1,GE,2014,24.7,
ESTAT:DEMO_FIND$DEFAULTVIEW(1.0),22/06/22 23:00:00,A,AGEMOTH1,GE,2015,24.9,
ESTAT:DEMO_FIND$DEFAULTVIEW(1.0),22/06/22 23:00:00,A,AGEMOTH1,GE,2016,25.1,
ESTAT:DEMO_FIND$DEFAULTVIEW(1.0),22/06/22 23:00:00,A,AGEMOTH1,GE,2017,25.4,
ESTAT:DEMO_FIND$DEFAULTVIEW(1.0),22/06/22 23:00:00,A,AGEMOTH1,GE,2018,25.5,
ESTAT:DEMO_FIND$DEFAULTVIEW(1.0),22/06/22 23:00:00,A,AGEMOTH1,GE,2019,25.8,
ESTAT:DEMO_FIND$DEFAULTVIEW(1.0),22/06/22 23:00:00,A,AGEMOTH1,GE,2020,26.1,
ESTAT:DEMO_FIND$DEFAULTVIEW(1.0),22/06/22 23:00:00,A,AGEMOTH1,HR,2011,27.6,
ESTAT:DEMO_FIND$DEFAULTVIEW(1.0),22/06/22 23:00:00,A,AGEMOTH1,HR,2012,27.8,
ESTAT:DEMO_FIND$DEFAULTVIEW(1.0),22/06/22 23:00:00,A,AGEMOTH1,HR,2013,28.0,
ESTAT:DEMO_FIND$DEFAULTVIEW(1.0),22/06/22 23:00:00,A,AGEMOTH1,HR,2014,28.1,
ESTAT:DEMO_FIND$DEFAULTVIEW(1.0),22/06/22 23:00:00,A,AGEMOTH1,HR,2015,28.3,
ESTAT:DEMO_FIND$DEFAULTVIEW(1.0),22/06/22 23:00:00,A,AGEMOTH1,HR,2016,28.5,
ESTAT:DEMO_FIND$DEFAULTVIEW(1.0),22/06/22 23:00:00,A,AGEMOTH1,HR,2017,28.6,
ESTAT:DEMO_FIND$DEFAULTVIEW(1.0),22/06/22 23:00:00,A,AGEMOTH1,HR,2018,28.8,
ESTAT:DEMO_FIND$DEFAULTVIEW(1.0),22/06/22 23:00:00,A,AGEMOTH1,HR,2019,28.9,
ESTAT:DEMO_FIND$DEFAULTVIEW(1.0),22/06/22 23:00:00,A,AGEMOTH1,HR,2020,29.0,
ESTAT:DEMO_FIND$DEFAULTVIEW(1.0),22/06/22 23:00:00,A,AGEMOTH1,HU,2011,27.7,
ESTAT:DEMO_FIND$DEFAULTVIEW(1.0),22/06/22 23:00:00,A,AGEMOTH1,HU,2012,27.7,b
ESTAT:DEMO_FIND$DEFAULTVIEW(1.0),22/06/22 23:00:00,A,AGEMOTH1,HU,2013,27.7,
ESTAT:DEMO_FIND$DEFAULTVIEW(1.0),22/06/22 23:00:00,A,AGEMOTH1,HU,2014,27.7,
ESTAT:DEMO_FIND$DEFAULTVIEW(1.0),22/06/22 23:00:00,A,AGEMOTH1,HU,2015,27.9,
ESTAT:DEMO_FIND$DEFAULTVIEW(1.0),22/06/22 23:00:00,A,AGEMOTH1,HU,2016,27.8,
ESTAT:DEMO_FIND$DEFAULTVIEW(1.0),22/06/22 23:00:00,A,AGEMOTH1,HU,2017,28.0,
ESTAT:DEMO_FIND$DEFAULTVIEW(1.0),22/06/22 23:00:00,A,AGEMOTH1,HU,2018,28.2,
ESTAT:DEMO_FIND$DEFAULTVIEW(1.0),22/06/22 23:00:00,A,AGEMOTH1,HU,2019,28.3,
ESTAT:DEMO_FIND$DEFAULTVIEW(1.0),22/06/22 23:00:00,A,AGEMOTH1,HU,2020,28.4,
ESTAT:DEMO_FIND$DEFAULTVIEW(1.0),22/06/22 23:00:00,A,AGEMOTH1,IE,2011,29.3,
ESTAT:DEMO_FIND$DEFAULTVIEW(1.0),22/06/22 23:00:00,A,AGEMOTH1,IE,2012,29.3,
ESTAT:DEMO_FIND$DEFAULTVIEW(1.0),22/06/22 23:00:00,A,AGEMOTH1,IE,2013,29.6,
ESTAT:DEMO_FIND$DEFAULTVIEW(1.0),22/06/22 23:00:00,A,AGEMOTH1,IE,2014,29.8,
ESTAT:DEMO_FIND$DEFAULTVIEW(1.0),22/06/22 23:00:00,A,AGEMOTH1,IE,2015,29.9,
ESTAT:DEMO_FIND$DEFAULTVIEW(1.0),22/06/22 23:00:00,A,AGEMOTH1,IE,2016,30.1,
ESTAT:DEMO_FIND$DEFAULTVIEW(1.0),22/06/22 23:00:00,A,AGEMOTH1,IE,2017,30.3,
ESTAT:DEMO_FIND$DEFAULTVIEW(1.0),22/06/22 23:00:00,A,AGEMOTH1,IE,2018,30.5,e
ESTAT:DEMO_FIND$DEFAULTVIEW(1.0),22/06/22 23:00:00,A,AGEMOTH1,IE,2019,30.7,e
ESTAT:DEMO_FIND$DEFAULTVIEW(1.0),22/06/22 23:00:00,A,AGEMOTH1,IE,2020,30.9,
ESTAT:DEMO_FIND$DEFAULTVIEW(1.0),22/06/22 23:00:00,A,AGEMOTH1,IS,2011,27.1,
ESTAT:DEMO_FIND$DEFAULTVIEW(1.0),22/06/22 23:00:00,A,AGEMOTH1,IS,2012,27.1,
ESTAT:DEMO_FIND$DEFAULTVIEW(1.0),22/06/22 23:00:00,A,AGEMOTH1,IS,2013,27.4,
ESTAT:DEMO_FIND$DEFAULTVIEW(1.0),22/06/22 23:00:00,A,AGEMOTH1,IS,2014,27.5,
ESTAT:DEMO_FIND$DEFAULTVIEW(1.0),22/06/22 23:00:00,A,AGEMOTH1,IS,2015,27.5,
ESTAT:DEMO_FIND$DEFAULTVIEW(1.0),22/06/22 23:00:00,A,AGEMOTH1,IS,2016,27.8,
ESTAT:DEMO_FIND$DEFAULTVIEW(1.0),22/06/22 23:00:00,A,AGEMOTH1,IS,2017,27.9,
ESTAT:DEMO_FIND$DEFAULTVIEW(1.0),22/06/22 23:00:00,A,AGEMOTH1,IS,2018,28.3,
ESTAT:DEMO_FIND$DEFAULTVIEW(1.0),22/06/22 23:00:00,A,AGEMOTH1,IS,2019,28.7,
ESTAT:DEMO_FIND$DEFAULTVIEW(1.0),22/06/22 23:00:00,A,AGEMOTH1,IS,2020,28.7,
ESTAT:DEMO_FIND$DEFAULTVIEW(1.0),22/06/22 23:00:00,A,AGEMOTH1,IT,2013,30.6,e
ESTAT:DEMO_FIND$DEFAULTVIEW(1.0),22/06/22 23:00:00,A,AGEMOTH1,IT,2014,30.7,e
ESTAT:DEMO_FIND$DEFAULTVIEW(1.0),22/06/22 23:00:00,A,AGEMOTH1,IT,2015,30.8,
ESTAT:DEMO_FIND$DEFAULTVIEW(1.0),22/06/22 23:00:00,A,AGEMOTH1,IT,2016,31.0,
ESTAT:DEMO_FIND$DEFAULTVIEW(1.0),22/06/22 23:00:00,A,AGEMOTH1,IT,2017,31.1,
ESTAT:DEMO_FIND$DEFAULTVIEW(1.0),22/06/22 23:00:00,A,AGEMOTH1,IT,2018,31.2,
ESTAT:DEMO_FIND$DEFAULTVIEW(1.0),22/06/22 23:00:00,A,AGEMOTH1,IT,2019,31.3,b
ESTAT:DEMO_FIND$DEFAULTVIEW(1.0),22/06/22 23:00:00,A,AGEMOTH1,IT,2020,31.4,
ESTAT:DEMO_FIND$DEFAULTVIEW(1.0),22/06/22 23:00:00,A,AGEMOTH1,LT,2011,26.5,
ESTAT:DEMO_FIND$DEFAULTVIEW(1.0),22/06/22 23:00:00,A,AGEMOTH1,LT,2012,26.6,
ESTAT:DEMO_FIND$DEFAULTVIEW(1.0),22/06/22 23:00:00,A,AGEMOTH1,LT,2013,26.7,
ESTAT:DEMO_FIND$DEFAULTVIEW(1.0),22/06/22 23:00:00,A,AGEMOTH1,LT,2014,27.0,
ESTAT:DEMO_FIND$DEFAULTVIEW(1.0),22/06/22 23:00:00,A,AGEMOTH1,LT,2015,27.1,
ESTAT:DEMO_FIND$DEFAULTVIEW(1.0),22/06/22 23:00:00,A,AGEMOTH1,LT,2016,27.3,
ESTAT:DEMO_FIND$DEFAULTVIEW(1.0),22/06/22 23:00:00,A,AGEMOTH1,LT,2017,27.5,
ESTAT:DEMO_FIND$DEFAULTVIEW(1.0),22/06/22 23:00:00,A,AGEMOTH1,LT,2018,27.8,
ESTAT:DEMO_FIND$DEFAULTVIEW(1.0),22/06/22 23:00:00,A,AGEMOTH1,LT,2019,28.0,
ESTAT:DEMO_FIND$DEFAULTVIEW(1.0),22/06/22 23:00:00,A,AGEMOTH1,LT,2020,28.2,
ESTAT:DEMO_FIND$DEFAULTVIEW(1.0),22/06/22 23:00:00,A,AGEMOTH1,LU,2011,29.4,
ESTAT:DEMO_FIND$DEFAULTVIEW(1.0),22/06/22 23:00:00,A,AGEMOTH1,LU,2012,29.6,b
ESTAT:DEMO_FIND$DEFAULTVIEW(1.0),22/06/22 23:00:00,A,AGEMOTH1,LU,2013,30.0,
ESTAT:DEMO_FIND$DEFAULTVIEW(1.0),22/06/22 23:00:00,A,AGEMOTH1,LU,2014,30.2,
ESTAT:DEMO_FIND$DEFAULTVIEW(1.0),22/06/22 23:00:00,A,AGEMOTH1,LU,2015,30.2,
ESTAT:DEMO_FIND$DEFAULTVIEW(1.0),22/06/22 23:00:00,A,AGEMOTH1,LU,2016,30.5,
ESTAT:DEMO_FIND$DEFAULTVIEW(1.0),22/06/22 23:00:00,A,AGEMOTH1,LU,2017,30.8,b
ESTAT:DEMO_FIND$DEFAULTVIEW(1.0),22/06/22 23:00:00,A,AGEMOTH1,LU,2018,30.9,
ESTAT:DEMO_FIND$DEFAULTVIEW(1.0),22/06/22 23:00:00,A,AGEMOTH1,LU,2019,31.1,
ESTAT:DEMO_FIND$DEFAULTVIEW(1.0),22/06/22 23:00:00,A,AGEMOTH1,LU,2020,31.0,
ESTAT:DEMO_FIND$DEFAULTVIEW(1.0),22/06/22 23:00:00,A,AGEMOTH1,LV,2011,25.9,
ESTAT:DEMO_FIND$DEFAULTVIEW(1.0),22/06/22 23:00:00,A,AGEMOTH1,LV,2012,26.0,
ESTAT:DEMO_FIND$DEFAULTVIEW(1.0),22/06/22 23:00:00,A,AGEMOTH1,LV,2013,26.1,
ESTAT:DEMO_FIND$DEFAULTVIEW(1.0),22/06/22 23:00:00,A,AGEMOTH1,LV,2014,26.3,
ESTAT:DEMO_FIND$DEFAULTVIEW(1.0),22/06/22 23:00:00,A,AGEMOTH1,LV,2015,26.5,
ESTAT:DEMO_FIND$DEFAULTVIEW(1.0),22/06/22 23:00:00,A,AGEMOTH1,LV,2016,26.8,
ESTAT:DEMO_FIND$DEFAULTVIEW(1.0),22/06/22 23:00:00,A,AGEMOTH1,LV,2017,26.9,
ESTAT:DEMO_FIND$DEFAULTVIEW(1.0),22/06/22 23:00:00,A,AGEMOTH1,LV,2018,27.2,
ESTAT:DEMO_FIND$DEFAULTVIEW(1.0),22/06/22 23:00:00,A,AGEMOTH1,LV,2019,27.3,
ESTAT:DEMO_FIND$DEFAULTVIEW(1.0),22/06/22 23:00:00,A,AGEMOTH1,LV,2020,27.3,
ESTAT:DEMO_FIND$DEFAULTVIEW(1.0),22/06/22 23:00:00,A,AGEMOTH1,MK,2011,26.2,
ESTAT:DEMO_FIND$DEFAULTVIEW(1.0),22/06/22 23:00:00,A,AGEMOTH1,MK,2012,26.2,
ESTAT:DEMO_FIND$DEFAULTVIEW(1.0),22/06/22 23:00:00,A,AGEMOTH1,MK,2013,26.4,
ESTAT:DEMO_FIND$DEFAULTVIEW(1.0),22/06/22 23:00:00,A,AGEMOTH1,MK,2014,26.6,
ESTAT:DEMO_FIND$DEFAULTVIEW(1.0),22/06/22 23:00:00,A,AGEMOTH1,MK,2015,26.8,
ESTAT:DEMO_FIND$DEFAULTVIEW(1.0),22/06/22 23:00:00,A,AGEMOTH1,MK,2016,26.9,
ESTAT:DEMO_FIND$DEFAULTVIEW(1.0),22/06/22 23:00:00,A,AGEMOTH1,MK,2017,26.9,
ESTAT:DEMO_FIND$DEFAULTVIEW(1.0),22/06/22 23:00:00,A,AGEMOTH1,MK,2018,26.9,
ESTAT:DEMO_FIND$DEFAULTVIEW(1.0),22/06/22 23:00:00,A,AGEMOTH1,MK,2019,27.0,
ESTAT:DEMO_FIND$DEFAULTVIEW(1.0),22/06/22 23:00:00,A,AGEMOTH1,MK,2020,26.9,
ESTAT:DEMO_FIND$DEFAULTVIEW(1.0),22/06/22 23:00:00,A,AGEMOTH1,MT,2011,28.0,
ESTAT:DEMO_FIND$DEFAULTVIEW(1.0),22/06/22 23:00:00,A,AGEMOTH1,MT,2012,28.1,
ESTAT:DEMO_FIND$DEFAULTVIEW(1.0),22/06/22 23:00:00,A,AGEMOTH1,MT,2013,28.4,
ESTAT:DEMO_FIND$DEFAULTVIEW(1.0),22/06/22 23:00:00,A,AGEMOTH1,MT,2014,28.6,
ESTAT:DEMO_FIND$DEFAULTVIEW(1.0),22/06/22 23:00:00,A,AGEMOTH1,MT,2015,28.7,
ESTAT:DEMO_FIND$DEFAULTVIEW(1.0),22/06/22 23:00:00,A,AGEMOTH1,MT,2016,29.1,
ESTAT:DEMO_FIND$DEFAULTVIEW(1.0),22/06/22 23:00:00,A,AGEMOTH1,MT,2017,29.0,
ESTAT:DEMO_FIND$DEFAULTVIEW(1.0),22/06/22 23:00:00,A,AGEMOTH1,MT,2018,29.2,
ESTAT:DEMO_FIND$DEFAULTVIEW(1.0),22/06/22 23:00:00,A,AGEMOTH1,MT,2019,29.0,
ESTAT:DEMO_FIND$DEFAULTVIEW(1.0),22/06/22 23:00:00,A,AGEMOTH1,MT,2020,29.3,
ESTAT:DEMO_FIND$DEFAULTVIEW(1.0),22/06/22 23:00:00,A,AGEMOTH1,NL,2011,29.3,
ESTAT:DEMO_FIND$DEFAULTVIEW(1.0),22/06/22 23:00:00,A,AGEMOTH1,NL,2012,29.3,
ESTAT:DEMO_FIND$DEFAULTVIEW(1.0),22/06/22 23:00:00,A,AGEMOTH1,NL,2013,29.4,
ESTAT:DEMO_FIND$DEFAULTVIEW(1.0),22/06/22 23:00:00,A,AGEMOTH1,NL,2014,29.5,
ESTAT:DEMO_FIND$DEFAULTVIEW(1.0),22/06/22 23:00:00,A,AGEMOTH1,NL,2015,29.7,
ESTAT:DEMO_FIND$DEFAULTVIEW(1.0),22/06/22 23:00:00,A,AGEMOTH1,NL,2016,29.8,
ESTAT:DEMO_FIND$DEFAULTVIEW(1.0),22/06/22 23:00:00,A,AGEMOTH1,NL,2017,29.9,
ESTAT:DEMO_FIND$DEFAULTVIEW(1.0),22/06/22 23:00:00,A,AGEMOTH1,NL,2018,30.0,
ESTAT:DEMO_FIND$DEFAULTVIEW(1.0),22/06/22 23:00:00,A,AGEMOTH1,NL,2019,30.1,
ESTAT:DEMO_FIND$DEFAULTVIEW(1.0),22/06/22 23:00:00,A,AGEMOTH1,NL,2020,30.2,
ESTAT:DEMO_FIND$DEFAULTVIEW(1.0),22/06/22 23:00:00,A,AGEMOTH1,NO,2011,28.2,
ESTAT:DEMO_FIND$DEFAULTVIEW(1.0),22/06/22 23:00:00,A,AGEMOTH1,NO,2012,28.4,
ESTAT:DEMO_FIND$DEFAULTVIEW(1.0),22/06/22 23:00:00,A,AGEMOTH1,NO,2013,28.6,
ESTAT:DEMO_FIND$DEFAULTVIEW(1.0),22/06/22 23:00:00,A,AGEMOTH1,NO,2014,28.7,
ESTAT:DEMO_FIND$DEFAULTVIEW(1.0),22/06/22 23:00:00,A,AGEMOTH1,NO,2015,28.9,
ESTAT:DEMO_FIND$DEFAULTVIEW(1.0),22/06/22 23:00:00,A,AGEMOTH1,NO,2016,29.0,
ESTAT:DEMO_FIND$DEFAULTVIEW(1.0),22/06/22 23:00:00,A,AGEMOTH1,NO,2017,29.3,
ESTAT:DEMO_FIND$DEFAULTVIEW(1.0),22/06/22 23:00:00,A,AGEMOTH1,NO,2018,29.5,
ESTAT:DEMO_FIND$DEFAULTVIEW(1.0),22/06/22 23:00:00,A,AGEMOTH1,NO,2019,29.7,
ESTAT:DEMO_FIND$DEFAULTVIEW(1.0),22/06/22 23:00:00,A,AGEMOTH1,NO,2020,29.8,
ESTAT:DEMO_FIND$DEFAULTVIEW(1.0),22/06/22 23:00:00,A,AGEMOTH1,PL,2011,26.6,
ESTAT:DEMO_FIND$DEFAULTVIEW(1.0),22/06/22 23:00:00,A,AGEMOTH1,PL,2012,26.6,
ESTAT:DEMO_FIND$DEFAULTVIEW(1.0),22/06/22 23:00:00,A,AGEMOTH1,PL,2013,26.7,
ESTAT:DEMO_FIND$DEFAULTVIEW(1.0),22/06/22 23:00:00,A,AGEMOTH1,PL,2014,26.9,
ESTAT:DEMO_FIND$DEFAULTVIEW(1.0),22/06/22 23:00:00,A,AGEMOTH1,PL,2015,27.0,
ESTAT:DEMO_FIND$DEFAULTVIEW(1.0),22/06/22 23:00:00,A,AGEMOTH1,PL,2016,27.2,
ESTAT:DEMO_FIND$DEFAULTVIEW(1.0),22/06/22 23:00:00,A,AGEMOTH1,PL,2017,27.3,
ESTAT:DEMO_FIND$DEFAULTVIEW(1.0),22/06/22 23:00:00,A,AGEMOTH1,PL,2018,27.4,be
ESTAT:DEMO_FIND$DEFAULTVIEW(1.0),22/06/22 23:00:00,A,AGEMOTH1,PL,2019,27.6,
ESTAT:DEMO_FIND$DEFAULTVIEW(1.0),22/06/22 23:00:00,A,AGEMOTH1,PL,2020,27.9,ep
ESTAT:DEMO_FIND$DEFAULTVIEW(1.0),22/06/22 23:00:00,A,AGEMOTH1,PT,2011,28.4,
ESTAT:DEMO_FIND$DEFAULTVIEW(1.0),22/06/22 23:00:00,A,AGEMOTH1,PT,2012,28.6,
ESTAT:DEMO_FIND$DEFAULTVIEW(1.0),22/06/22 23:00:00,A,AGEMOTH1,PT,2013,28.9,
ESTAT:DEMO_FIND$DEFAULTVIEW(1.0),22/06/22 23:00:00,A,AGEMOTH1,PT,2014,29.2,
ESTAT:DEMO_FIND$DEFAULTVIEW(1.0),22/06/22 23:00:00,A,AGEMOTH1,PT,2015,29.5,
ESTAT:DEMO_FIND$DEFAULTVIEW(1.0),22/06/22 23:00:00,A,AGEMOTH1,PT,2016,29.6,
ESTAT:DEMO_FIND$DEFAULTVIEW(1.0),22/06/22 23:00:00,A,AGEMOTH1,PT,2017,29.6,
ESTAT:DEMO_FIND$DEFAULTVIEW(1.0),22/06/22 23:00:00,A,AGEMOTH1,PT,2018,29.8,
ESTAT:DEMO_FIND$DEFAULTVIEW(1.0),22/06/22 23:00:00,A,AGEMOTH1,PT,2019,29.9,
ESTAT:DEMO_FIND$DEFAULTVIEW(1.0),22/06/22 23:00:00,A,AGEMOTH1,PT,2020,30.2,
ESTAT:DEMO_FIND$DEFAULTVIEW(1.0),22/06/22 23:00:00,A,AGEMOTH1,RO,2011,25.6,
ESTAT:DEMO_FIND$DEFAULTVIEW(1.0),22/06/22 23:00:00,A,AGEMOTH1,RO,2012,25.7,
ESTAT:DEMO_FIND$DEFAULTVIEW(1.0),22/06/22 23:00:00,A,AGEMOTH1,RO,2013,25.9,
ESTAT:DEMO_FIND$DEFAULTVIEW(1.0),22/06/22 23:00:00,A,AGEMOTH1,RO,2014,26.2,
ESTAT:DEMO_FIND$DEFAULTVIEW(1.0),22/06/22 23:00:00,A,AGEMOTH1,RO,2015,26.3,
ESTAT:DEMO_FIND$DEFAULTVIEW(1.0),22/06/22 23:00:00,A,AGEMOTH1,RO,2016,26.4,
ESTAT:DEMO_FIND$DEFAULTVIEW(1.0),22/06/22 23:00:00,A,AGEMOTH1,RO,2017,26.6,
ESTAT:DEMO_FIND$DEFAULTVIEW(1.0),22/06/22 23:00:00,A,AGEMOTH1,RO,2018,26.7,
ESTAT:DEMO_FIND$DEFAULTVIEW(1.0),22/06/22 23:00:00,A,AGEMOTH1,RO,2019,26.9,e
ESTAT:DEMO_FIND$DEFAULTVIEW(1.0),22/06/22 23:00:00,A,AGEMOTH1,RO,2020,27.1,e
ESTAT:DEMO_FIND$DEFAULTVIEW(1.0),22/06/22 23:00:00,A,AGEMOTH1,RS,2011,27.1,b
ESTAT:DEMO_FIND$DEFAULTVIEW(1.0),22/06/22 23:00:00,A,AGEMOTH1,RS,2012,27.3,
ESTAT:DEMO_FIND$DEFAULTVIEW(1.0),22/06/22 23:00:00,A,AGEMOTH1,RS,2013,27.3,
ESTAT:DEMO_FIND$DEFAULTVIEW(1.0),22/06/22 23:00:00,A,AGEMOTH1,RS,2014,27.5,
ESTAT:DEMO_FIND$DEFAULTVIEW(1.0),22/06/22 23:00:00,A,AGEMOTH1,RS,2015,27.7,
ESTAT:DEMO_FIND$DEFAULTVIEW(1.0),22/06/22 23:00:00,A,AGEMOTH1,RS,2016,27.8,
ESTAT:DEMO_FIND$DEFAULTVIEW(1.0),22/06/22 23:00:00,A,AGEMOTH1,RS,2017,27.8,
ESTAT:DEMO_FIND$DEFAULTVIEW(1.0),22/06/22 23:00:00,A,AGEMOTH1,RS,2018,28.1,
ESTAT:DEMO_FIND$DEFAULTVIEW(1.0),22/06/22 23:00:00,A,AGEMOTH1,RS,2019,28.1,
ESTAT:DEMO_FIND$DEFAULTVIEW(1.0),22/06/22 23:00:00,A,AGEMOTH1,RS,2020,28.2,
ESTAT:DEMO_FIND$DEFAULTVIEW(1.0),22/06/22 23:00:00,A,AGEMOTH1,SE,2011,29.0,
ESTAT:DEMO_FIND$DEFAULTVIEW(1.0),22/06/22 23:00:00,A,AGEMOTH1,SE,2012,29.1,
ESTAT:DEMO_FIND$DEFAULTVIEW(1.0),22/06/22 23:00:00,A,AGEMOTH1,SE,2013,29.1,
ESTAT:DEMO_FIND$DEFAULTVIEW(1.0),22/06/22 23:00:00,A,AGEMOTH1,SE,2014,29.2,
ESTAT:DEMO_FIND$DEFAULTVIEW(1.0),22/06/22 23:00:00,A,AGEMOTH1,SE,2015,29.2,
ESTAT:DEMO_FIND$DEFAULTVIEW(1.0),22/06/22 23:00:00,A,AGEMOTH1,SE,2016,29.2,
ESTAT:DEMO_FIND$DEFAULTVIEW(1.0),22/06/22 23:00:00,A,AGEMOTH1,SE,2017,29.3,
ESTAT:DEMO_FIND$DEFAULTVIEW(1.0),22/06/22 23:00:00,A,AGEMOTH1,SE,2018,29.3,
ESTAT:DEMO_FIND$DEFAULTVIEW(1.0),22/06/22 23:00:00,A,AGEMOTH1,SE,2019,29.5,
ESTAT:DEMO_FIND$DEFAULTVIEW(1.0),22/06/22 23:00:00,A,AGEMOTH1,SE,2020,29.7,
ESTAT:DEMO_FIND$DEFAULTVIEW(1.0),22/06/22 23:00:00,A,AGEMOTH1,SI,2011,28.4,
ESTAT:DEMO_FIND$DEFAULTVIEW(1.0),22/06/22 23:00:00,A,AGEMOTH1,SI,2012,28.5,
ESTAT:DEMO_FIND$DEFAULTVIEW(1.0),22/06/22 23:00:00,A,AGEMOTH1,SI,2013,28.5,
ESTAT:DEMO_FIND$DEFAULTVIEW(1.0),22/06/22 23:00:00,A,AGEMOTH1,SI,2014,28.6,
ESTAT:DEMO_FIND$DEFAULTVIEW(1.0),22/06/22 23:00:00,A,AGEMOTH1,SI,2015,28.7,
ESTAT:DEMO_FIND$DEFAULTVIEW(1.0),22/06/22 23:00:00,A,AGEMOTH1,SI,2016,28.8,
ESTAT:DEMO_FIND$DEFAULTVIEW(1.0),22/06/22 23:00:00,A,AGEMOTH1,SI,2017,28.8,
ESTAT:DEMO_FIND$DEFAULTVIEW(1.0),22/06/22 23:00:00,A,AGEMOTH1,SI,2018,28.8,
ESTAT:DEMO_FIND$DEFAULTVIEW(1.0),22/06/22 23:00:00,A,AGEMOTH1,SI,2019,28.9,
ESTAT:DEMO_FIND$DEFAULTVIEW(1.0),22/06/22 23:00:00,A,AGEMOTH1,SI,2020,29.0,
ESTAT:DEMO_FIND$DEFAULTVIEW(1.0),22/06/22 23:00:00,A,AGEMOTH1,SK,2011,27.4,
ESTAT:DEMO_FIND$DEFAULTVIEW(1.0),22/06/22 23:00:00,A,AGEMOTH1,SK,2012,26.8,
ESTAT:DEMO_FIND$DEFAULTVIEW(1.0),22/06/22 23:00:00,A,AGEMOTH1,SK,2013,26.9,
ESTAT:DEMO_FIND$DEFAULTVIEW(1.0),22/06/22 23:00:00,A,AGEMOTH1,SK,2014,27.0,
ESTAT:DEMO_FIND$DEFAULTVIEW(1.0),22/06/22 23:00:00,A,AGEMOTH1,SK,2015,27.1,
ESTAT:DEMO_FIND$DEFAULTVIEW(1.0),22/06/22 23:00:00,A,AGEMOTH1,SK,2016,27.0,
ESTAT:DEMO_FIND$DEFAULTVIEW(1.0),22/06/22 23:00:00,A,AGEMOTH1,SK,2017,27.1,
ESTAT:DEMO_FIND$DEFAULTVIEW(1.0),22/06/22 23:00:00,A,AGEMOTH1,SK,2018,27.1,
ESTAT:DEMO_FIND$DEFAULTVIEW(1.0),22/06/22 23:00:00,A,AGEMOTH1,SK,2019,27.2,
ESTAT:DEMO_FIND$DEFAULTVIEW(1.0),22/06/22 23:00:00,A,AGEMOTH1,SK,2020,27.2,
ESTAT:DEMO_FIND$DEFAULTVIEW(1.0),22/06/22 23:00:00,A,AGEMOTH1,SM,2012,31.2,
ESTAT:DEMO_FIND$DEFAULTVIEW(1.0),22/06/22 23:00:00,A,AGEMOTH1,TR,2018,26.3,
ESTAT:DEMO_FIND$DEFAULTVIEW(1.0),22/06/22 23:00:00,A,AGEMOTH1,TR,2019,26.4,
ESTAT:DEMO_FIND$DEFAULTVIEW(1.0),22/06/22 23:00:00,A,AGEMOTH1,TR,2020,26.6,
ESTAT:DEMO_FIND$DEFAULTVIEW(1.0),22/06/22 23:00:00,A,AGEMOTH1,UA,2011,24.5,
ESTAT:DEMO_FIND$DEFAULTVIEW(1.0),22/06/22 23:00:00,A,AGEMOTH1,UA,2012,24.5,
ESTAT:DEMO_FIND$DEFAULTVIEW(1.0),22/06/22 23:00:00,A,AGEMOTH1,UA,2014,24.7,
ESTAT:DEMO_FIND$DEFAULTVIEW(1.0),22/06/22 23:00:00,A,AGEMOTH1,UA,2015,24.8,
ESTAT:DEMO_FIND$DEFAULTVIEW(1.0),22/06/22 23:00:00,A,AGEMOTH1,UA,2016,25.0,
ESTAT:DEMO_FIND$DEFAULTVIEW(1.0),22/06/22 23:00:00,A,AGEMOTH1,UA,2017,25.2,
ESTAT:DEMO_FIND$DEFAULTVIEW(1.0),22/06/22 23:00:00,A,AGEMOTH1,UA,2018,25.4,
ESTAT:DEMO_FIND$DEFAULTVIEW(1.0),22/06/22 23:00:00,A,AGEMOTH1,UA,2019,25.6,
ESTAT:DEMO_FIND$DEFAULTVIEW(1.0),22/06/22 23:00:00,A,AGEMOTH1,UK,2013,28.3,
ESTAT:DEMO_FIND$DEFAULTVIEW(1.0),22/06/22 23:00:00,A,AGEMOTH1,UK,2014,28.6,
ESTAT:DEMO_FIND$DEFAULTVIEW(1.0),22/06/22 23:00:00,A,AGEMOTH1,UK,2015,28.7,
ESTAT:DEMO_FIND$DEFAULTVIEW(1.0),22/06/22 23:00:00,A,AGEMOTH1,UK,2016,28.9,
ESTAT:DEMO_FIND$DEFAULTVIEW(1.0),22/06/22 23:00:00,A,AGEMOTH1,UK,2017,28.9,
ESTAT:DEMO_FIND$DEFAULTVIEW(1.0),22/06/22 23:00:00,A,AGEMOTH1,UK,2018,29.0,
ESTAT:DEMO_FIND$DEFAULTVIEW(1.0),22/06/22 23:00:00,A,AGEMOTH1,XK,2016,26.9,p
ESTAT:DEMO_FIND$DEFAULTVIEW(1.0),22/06/22 23:00:00,A,AGEMOTH1,XK,2017,26.9,
ESTAT:DEMO_FIND$DEFAULTVIEW(1.0),22/06/22 23:00:00,A,AGEMOTH1,XK,2018,27.1,
ESTAT:DEMO_FIND$DEFAULTVIEW(1.0),22/06/22 23:00:00,A,AGEMOTH1,XK,2019,27.3,
